Quiz1,Quiz2,Assignment1,Assignment2,Attendance,StudyHours,ProjectScore,Midterm,Final,Grade
1.5,1.0,2.0,2.3,93,7.7,4.1,4.8,44.1,3
3.8,1.0,2.8,0.6,1,4.8,9.9,21.9,0.0,5
2.9,3.6,2.7,3.1,74,0.9,7.8,14.3,19.4,4
2.4,1.0,0.5,2.1,71,4.5,5.8,4.8,33.6,4
0.6,1.1,0.5,0.6,86,8.3,1.2,19.8,24.4,5
0.6,3.0,0.9,3.4,94,8.1,4.2,0.9,4.5,5
0.2,1.8,1.3,1.8,73,1.9,2.6,24.6,19.4,4
3.5,3.1,1.4,0.3,85,0.1,0.7,21.6,4.7,5
2.4,0.3,2.4,2.2,73,9.0,5.4,14.5,9.5,5
2.8,2.0,0.2,0.9,89,1.3,8.9,2.8,0.4,5
0.1,0.1,0.1,2.8,90,1.0,6.8,5.4,9.1,5
3.9,0.3,1.4,2.9,58,0.0,2.5,7.0,0.0,5
3.3,3.6,2.4,3.4,89,5.2,5.7,6.0,26.9,4
0.8,0.6,0.7,1.8,89,6.0,9.4,12.4,46.0,2
0.7,2.1,2.2,1.6,87,7.7,7.2,23.6,27.0,3
0.7,1.6,0.9,2.6,70,3.6,6.9,11.1,35.3,3
1.2,1.4,3.1,0.5,84,8.5,9.7,16.5,17.9,4
2.1,3.6,3.1,1.9,25,2.0,8.0,17.2,0.0,5
1.7,0.1,1.0,1.9,90,10.0,1.4,21.8,31.0,3
1.2,2.7,0.8,0.3,88,6.9,3.5,0.8,23.0,5
2.4,3.9,1.4,1.5,91,7.0,9.7,10.1,9.7,5
0.6,2.2,0.8,3.0,53,2.5,4.9,19.6,0.0,5
1.2,3.7,2.4,3.0,78,0.9,1.1,20.4,31.0,3
1.5,0.2,2.9,0.3,93,5.6,4.6,23.2,21.3,4
1.8,1.7,2.4,0.3,94,7.4,7.0,17.6,44.5,2
3.1,1.0,2.9,0.9,86,1.1,10.0,6.1,11.7,5
0.8,2.9,1.4,3.1,82,11.4,3.2,12.6,3.7,5
2.1,3.9,0.5,0.5,100,11.8,5.1,0.8,29.5,5
2.4,1.0,2.6,2.5,3,6.5,8.8,16.2,0.0,5
0.2,2.6,1.3,0.4,82,11.4,3.6,13.9,18.2,5
2.4,0.8,2.3,2.2,87,2.2,1.1,16.7,32.4,3
0.7,2.3,0.9,1.2,65,0.3,9.5,23.3,0.0,5
0.3,1.9,0.3,2.8,70,0.5,4.9,17.2,27.9,3
3.8,3.9,3.5,0.8,32,7.1,5.0,8.0,0.0,5
3.9,2.4,0.5,2.2,95,0.7,6.2,5.0,43.4,3
3.2,1.4,3.5,0.8,87,11.5,0.0,21.4,5.3,5
1.2,0.5,3.4,2.5,87,1.7,9.3,4.9,17.8,5
0.4,0.6,2.8,3.1,93,3.7,3.6,4.0,32.0,5
2.7,0.9,2.3,0.4,94,9.9,4.0,5.2,1.7,5
1.8,1.0,2.0,3.0,51,2.6,1.7,12.7,0.0,5
0.5,3.4,3.0,2.1,80,2.9,3.8,3.1,26.4,5
2.0,2.2,1.0,0.4,70,7.7,8.0,23.5,14.4,4
0.1,2.1,1.6,1.5,76,3.3,8.0,24.2,40.7,2
3.6,0.5,2.2,0.6,77,2.6,9.4,24.3,14.5,3
1.0,3.4,1.4,2.5,100,3.1,4.0,1.0,49.6,3
2.7,2.9,1.5,2.7,53,5.9,7.1,23.7,0.0,5
1.2,0.3,1.2,0.4,85,11.6,5.1,24.9,35.4,2
2.1,2.8,2.0,1.8,77,10.0,8.0,23.6,3.1,5
2.2,2.2,3.0,2.9,90,3.4,7.1,16.8,45.2,2
0.7,0.3,0.7,3.3,90,4.4,3.7,17.5,39.5,2
3.9,1.8,3.3,1.8,86,5.6,3.4,3.1,11.5,5
3.1,1.9,2.4,3.3,83,11.7,2.5,21.9,19.6,3
3.8,0.7,2.9,1.9,77,2.1,5.8,1.5,13.4,5
3.6,3.8,1.9,1.4,82,4.3,9.6,7.9,49.2,2
2.4,3.4,2.7,3.0,91,8.8,2.0,24.8,42.7,1
3.7,2.7,0.1,1.7,98,11.6,1.0,10.6,46.5,2
0.4,1.8,2.9,1.7,98,1.9,1.2,3.3,39.4,4
0.8,1.6,0.1,1.7,80,2.7,7.8,24.2,22.8,3
0.2,2.6,3.1,3.0,91,2.7,3.5,24.6,10.3,5
1.3,2.2,3.5,2.9,96,0.3,2.2,4.7,10.4,5
1.6,0.2,1.0,1.4,75,7.2,3.5,21.6,7.6,5
1.1,2.1,0.7,1.2,93,8.0,6.5,9.8,27.3,5
3.3,3.2,2.7,1.7,78,7.2,5.5,9.5,46.0,2
1.4,1.8,0.9,2.0,79,0.9,7.4,6.6,49.6,2
1.1,0.2,3.0,0.8,81,0.8,3.4,1.1,14.4,5
2.2,3.1,0.4,2.8,94,2.5,4.5,6.7,34.9,3
0.6,0.8,0.4,1.7,75,3.5,1.0,1.3,29.9,5
3.2,1.0,3.4,1.2,81,9.4,0.7,23.1,24.4,3
0.3,0.7,2.4,0.4,76,1.9,4.6,16.5,33.3,3
3.9,1.3,3.0,0.8,94,0.5,3.0,22.2,18.6,4
3.1,3.0,1.1,3.3,83,4.7,6.1,17.9,47.2,1
0.8,2.1,2.4,1.1,97,5.0,0.4,3.3,35.3,5
0.0,0.8,2.1,0.6,96,5.4,1.2,23.5,37.7,2
3.3,3.5,2.1,1.6,81,9.9,8.7,22.5,12.1,4
2.8,3.5,2.4,1.1,72,1.2,5.7,8.7,8.4,5
2.9,3.5,2.0,0.1,82,8.4,7.1,2.8,19.7,5
3.1,1.0,1.5,1.1,98,4.1,8.4,17.6,38.3,2
0.3,1.8,1.0,1.9,96,3.7,4.6,18.2,46.9,2
1.4,3.9,2.7,1.9,93,11.2,7.6,22.4,21.4,3
0.5,3.1,0.8,1.2,87,3.0,5.2,1.3,38.7,4
3.5,0.1,2.4,1.6,91,7.7,2.2,3.5,23.5,5
2.5,0.3,0.8,3.4,73,3.3,3.4,15.0,14.8,5
1.3,1.9,2.2,1.3,75,6.1,4.9,15.5,37.0,3
0.3,3.6,2.6,0.9,77,9.4,3.2,0.8,39.9,4
1.2,2.2,0.8,0.9,98,10.6,3.4,9.9,10.1,5
1.3,2.0,0.2,1.6,94,10.1,3.4,14.6,15.3,5
2.9,0.4,0.5,2.7,75,7.0,1.2,18.4,24.7,4
2.6,2.6,2.1,0.7,76,3.0,0.8,7.9,9.3,5
3.5,3.3,3.0,2.5,98,7.9,0.5,12.1,46.4,2
1.9,1.5,0.2,0.1,88,8.5,1.1,20.4,29.6,3
0.5,3.1,2.6,1.5,90,0.1,3.4,23.8,6.1,5
2.9,3.9,1.2,2.7,95,5.3,5.9,5.8,9.2,5
3.0,0.8,1.7,1.2,82,10.1,1.9,6.3,47.7,3
2.2,2.1,3.3,2.0,73,5.9,8.9,23.5,36.9,2
3.1,1.1,1.2,0.7,71,3.7,8.1,9.9,36.7,3
2.0,3.2,1.6,2.6,74,10.5,5.2,18.0,3.6,5
2.1,2.3,0.0,0.2,46,1.9,7.2,15.3,0.0,5
1.7,2.5,0.3,3.0,5,2.5,3.7,7.1,0.0,5
0.1,3.2,0.9,0.7,98,8.2,0.4,16.3,33.0,3
0.4,1.6,0.1,3.1,43,4.2,9.0,16.4,0.0,5
0.1,3.7,2.2,1.2,91,8.6,1.3,14.8,5.0,5
2.5,2.1,1.5,2.5,73,1.9,9.5,2.5,24.1,5
1.3,0.6,1.9,1.1,92,3.0,5.7,24.9,2.5,5
2.0,2.8,0.6,3.2,71,1.9,3.1,10.0,25.0,5
3.6,3.2,1.0,0.4,70,11.4,5.0,16.0,12.6,5
1.0,1.3,2.3,0.6,77,4.9,5.0,22.1,45.6,2
1.6,3.4,3.4,1.7,21,4.0,0.2,10.6,0.0,5
3.0,3.6,0.2,0.3,81,0.2,3.6,19.3,31.7,3
0.9,1.1,3.1,0.7,6,1.8,7.4,24.3,0.0,5
0.3,3.9,2.0,3.3,88,5.1,5.1,9.0,49.2,2
1.2,0.6,2.0,3.4,78,0.8,2.4,10.1,25.2,5
0.6,0.8,1.8,1.3,85,6.1,3.4,22.6,22.8,4
3.7,0.7,0.2,3.2,81,5.5,8.6,4.0,3.8,5
3.2,3.6,0.3,1.9,77,9.2,5.3,0.7,0.6,5
2.5,2.6,2.1,0.9,93,7.9,5.3,22.7,30.4,2
3.5,0.6,1.2,2.5,54,5.4,9.6,20.5,0.0,5
3.2,1.8,3.2,2.3,72,2.7,3.2,24.3,19.0,3
0.7,2.5,1.4,3.5,74,8.7,4.8,1.5,0.2,5
3.6,0.3,0.5,0.9,89,8.5,8.1,3.9,30.8,5
2.2,3.5,2.5,2.4,76,1.8,7.6,2.6,21.3,5
3.2,3.2,1.0,0.2,5,11.0,2.7,17.1,0.0,5
3.6,2.0,1.8,0.4,82,0.8,1.5,15.2,14.8,5
1.3,3.9,2.4,0.0,100,0.7,7.0,9.0,28.5,4
0.4,1.7,3.2,3.5,100,2.2,2.6,1.4,32.8,5
0.9,3.9,2.8,2.8,97,10.9,9.2,16.0,23.1,3
1.7,2.7,2.4,2.8,89,6.2,1.3,14.3,40.2,2
3.3,2.5,2.4,1.8,92,9.5,3.2,2.8,5.6,5
3.4,0.7,3.3,1.1,74,2.7,0.5,22.7,4.2,5
0.0,3.5,1.0,0.5,84,5.9,7.0,5.0,2.2,5
2.0,1.7,0.0,1.0,75,4.3,8.9,18.6,26.8,3
1.7,0.6,1.0,1.3,81,9.9,6.4,22.1,35.3,2
0.9,0.1,0.8,2.6,96,0.3,9.4,14.5,6.5,5
0.5,2.2,2.3,1.9,16,2.9,1.3,6.2,0.0,5
1.4,2.1,2.2,0.3,99,1.8,0.9,7.7,23.8,5
3.8,2.9,2.1,0.1,76,10.3,8.4,22.1,49.4,0
1.3,3.6,0.1,0.4,77,5.6,8.6,7.5,35.9,3
2.1,0.3,2.6,1.4,99,4.9,8.3,18.7,32.9,2
2.8,2.9,1.1,3.3,76,5.4,8.0,24.8,28.5,2
1.5,0.7,2.3,2.2,77,11.7,3.6,25.0,49.9,0
3.9,3.4,1.9,2.8,83,10.2,2.2,13.3,49.0,2
3.8,3.3,1.2,1.6,98,8.5,9.3,20.7,26.9,2
1.0,2.2,0.5,1.3,87,3.5,3.1,24.8,22.8,3
2.0,2.8,0.3,0.4,75,2.0,4.0,9.4,23.1,5
1.2,1.3,2.9,3.1,11,11.1,7.0,6.3,0.0,5
1.1,1.9,3.2,2.7,90,5.1,2.9,2.9,26.6,5
0.1,3.3,2.3,0.6,94,3.3,8.2,3.5,13.7,5
2.4,1.8,0.4,1.8,72,5.7,0.7,21.3,46.3,2
2.0,1.4,1.4,1.7,90,11.0,7.9,14.7,24.5,4
0.2,2.0,2.6,2.2,74,4.6,6.0,21.8,42.1,2
1.1,3.3,2.7,3.3,83,6.8,5.7,19.7,23.8,3
3.6,1.3,0.4,2.0,81,9.6,4.6,16.8,35.9,2
1.0,0.7,0.0,1.9,76,5.1,2.8,15.2,16.8,5
0.6,2.8,2.5,0.2,85,2.8,4.6,1.2,31.2,5
2.0,3.3,1.2,0.2,100,11.9,4.5,21.8,24.9,3
3.9,0.4,0.9,0.7,96,11.5,5.8,10.4,18.4,5
1.0,1.0,0.0,0.1,18,10.1,2.8,14.0,0.0,5
2.7,0.6,1.9,2.6,81,8.3,0.8,0.5,5.6,5
3.0,1.4,3.0,2.5,86,3.5,1.5,23.4,24.3,3
1.0,1.8,3.4,0.5,71,11.0,7.0,22.6,9.7,5
2.9,3.0,2.0,2.9,80,3.3,0.2,13.6,43.1,2
1.5,2.6,1.8,0.5,92,9.6,8.6,14.4,12.7,5
2.5,2.5,0.3,1.1,72,11.0,6.9,17.6,31.7,3
2.5,1.4,1.9,0.9,74,7.2,7.7,6.6,8.3,5
2.1,3.4,1.3,1.3,95,9.6,8.4,5.5,20.2,5
0.4,1.9,2.1,0.9,76,9.5,1.2,16.9,45.0,2
3.3,3.9,1.4,1.7,82,2.3,8.2,2.6,8.3,5
1.3,2.5,0.8,1.4,71,8.0,5.0,11.4,33.2,3
0.7,0.5,0.3,3.5,92,1.1,8.9,12.3,10.2,5
0.2,2.7,1.1,0.2,91,6.1,8.9,9.5,20.8,5
2.4,1.3,0.3,0.5,81,1.9,0.2,4.6,27.0,5
2.7,2.7,0.6,0.2,86,5.0,3.8,8.9,28.9,5
0.1,0.3,3.5,2.2,79,10.0,5.3,8.4,30.1,4
2.0,0.7,1.6,0.2,75,11.8,6.8,12.5,32.0,3
0.9,3.4,1.9,2.9,44,3.8,2.9,16.9,0.0,5
2.6,0.9,3.1,1.8,47,6.4,2.5,24.2,0.0,5
0.7,3.3,3.5,1.8,95,6.1,3.8,3.6,1.9,5
2.8,1.1,2.0,2.0,90,11.5,5.0,21.8,38.4,2
1.5,2.6,2.8,0.6,52,5.7,9.5,7.1,0.0,5
3.7,2.8,1.1,0.7,66,8.4,7.6,14.8,0.0,5
0.6,2.1,1.1,1.1,94,11.1,4.3,13.7,10.1,5
1.4,1.2,1.4,2.1,93,4.5,0.5,13.9,2.1,5
0.5,0.9,2.4,0.7,94,10.8,1.7,18.1,48.5,2
3.7,0.1,2.4,0.4,21,11.0,4.6,9.5,0.0,5
3.5,1.2,1.1,3.4,83,11.2,8.1,8.0,18.0,5
1.0,2.6,0.5,0.1,100,3.2,3.8,21.3,24.1,4
2.6,3.8,2.2,2.8,70,4.8,5.4,5.5,14.6,5
3.3,3.5,0.4,2.8,45,10.4,8.9,4.5,0.0,5
2.2,3.1,2.0,1.0,85,4.3,9.1,0.4,35.9,4
2.1,3.2,2.4,0.5,75,7.2,2.2,5.3,22.4,5
1.0,2.7,2.5,0.5,89,1.4,0.4,13.0,43.7,3
0.4,1.0,2.6,2.4,93,0.7,3.1,13.5,25.9,5
3.6,3.6,3.1,2.2,71,4.9,7.0,6.4,7.2,5
3.6,2.7,1.7,2.7,83,6.9,9.5,1.8,31.1,4
2.5,2.2,2.6,3.3,74,4.7,0.8,18.6,23.1,4
1.4,0.4,2.2,2.4,72,6.9,0.3,18.9,46.8,2
1.4,1.8,0.7,0.5,10,6.2,8.8,24.9,0.0,5
2.9,1.8,0.1,0.9,77,8.2,7.5,22.5,20.1,3
3.6,3.5,1.0,2.9,42,7.8,9.9,23.2,0.0,5
3.5,2.2,1.6,0.7,73,5.1,4.0,20.0,26.3,3
3.1,1.5,2.2,0.3,58,5.1,4.2,15.4,0.0,5
2.6,3.9,3.0,2.5,100,1.7,1.7,3.2,49.5,2
0.3,0.4,0.7,1.4,95,6.2,1.2,15.6,15.1,5
0.6,1.7,0.4,3.2,82,7.0,5.8,1.4,13.9,5
3.6,0.2,3.4,2.3,87,5.7,3.6,22.1,43.2,2
2.4,3.0,0.4,0.3,93,3.9,0.8,12.0,0.2,5
0.0,3.7,1.7,3.3,87,8.7,8.9,17.4,10.1,5
0.4,1.1,2.0,0.9,94,0.9,2.0,1.3,29.5,5
2.7,3.4,1.9,1.2,70,11.0,7.5,13.4,8.1,5
0.0,1.2,0.3,1.4,4,0.2,2.8,7.5,0.0,5
0.6,3.6,0.2,0.2,79,11.5,8.1,7.1,23.2,5
2.2,3.0,0.4,1.7,32,5.5,1.2,9.7,0.0,5
2.8,3.2,2.0,0.4,93,5.0,7.6,0.0,8.0,5
2.6,0.1,1.9,1.4,77,3.1,1.0,11.7,14.5,5
0.9,3.9,0.8,1.2,44,0.1,4.5,12.2,0.0,5
2.8,2.9,2.2,2.7,99,3.3,7.3,21.6,27.5,2
0.9,1.2,2.9,2.8,100,1.3,1.7,11.2,39.2,3
1.3,3.3,0.1,0.5,92,7.9,2.9,9.1,13.5,5
3.0,1.1,1.7,1.3,49,3.8,8.6,24.9,0.0,5
2.6,3.5,2.4,1.3,79,9.2,8.9,14.3,14.5,5
3.4,0.5,0.9,0.5,85,2.5,0.4,11.8,29.3,5
2.6,2.8,1.1,2.8,86,10.8,1.7,12.4,30.3,4
2.3,2.2,2.1,2.5,98,6.3,1.2,20.2,6.1,5
0.4,0.4,3.1,0.7,63,1.4,1.8,8.5,0.0,5
1.5,1.0,2.8,1.3,77,4.8,9.7,9.7,0.6,5
1.1,0.0,2.0,0.4,0,2.5,5.5,18.9,0.0,5
1.0,1.9,2.6,2.2,86,2.4,4.7,1.8,34.9,5
3.9,1.2,1.3,0.4,77,6.1,9.8,21.6,3.6,5
1.6,2.4,2.2,3.5,75,8.1,5.6,10.8,46.9,2
3.6,1.2,1.6,2.7,77,10.9,6.6,14.5,22.9,4
2.5,1.2,0.7,1.4,96,6.0,3.3,18.9,46.9,2
3.2,3.0,2.5,2.0,84,11.6,3.8,6.7,5.4,5
2.0,0.2,1.9,3.2,74,11.3,5.9,22.3,47.5,1
2.3,3.6,1.3,1.9,85,10.4,0.7,24.5,5.5,5
2.0,3.4,3.2,0.6,54,6.0,2.6,12.4,0.0,5
0.8,2.7,0.1,1.3,77,1.7,2.0,23.4,46.9,2
2.9,2.4,1.1,3.0,48,2.6,0.2,0.0,0.0,5
1.1,3.6,0.2,2.3,98,7.8,5.4,22.4,1.7,5
0.1,0.7,2.7,2.3,84,5.1,5.6,7.8,39.7,3
2.6,0.3,2.5,3.0,96,1.8,3.8,7.8,29.8,4
0.7,1.0,1.2,3.1,87,5.7,2.7,5.7,25.7,5
3.8,3.2,2.4,3.2,26,0.2,6.5,7.9,0.0,5
3.8,0.1,1.4,0.3,91,8.8,1.3,5.3,32.7,5
3.7,2.3,2.6,1.9,54,0.9,5.2,22.6,0.0,5
1.5,4.0,1.6,2.6,85,7.5,7.7,22.5,46.6,0
0.1,3.4,1.4,2.6,70,9.5,1.6,2.6,34.3,5
3.7,2.1,3.3,2.1,80,1.6,7.5,3.6,35.4,3
1.7,0.3,0.9,0.6,91,6.2,7.6,21.6,11.6,5
3.9,3.3,0.4,2.8,86,9.3,0.6,10.0,44.0,2
3.9,2.4,2.0,2.5,84,3.1,0.2,4.2,26.9,5
3.4,0.5,3.4,0.3,84,2.0,9.7,12.8,42.9,2
1.2,0.4,1.3,1.6,61,4.0,1.9,10.4,0.0,5
1.5,3.6,0.2,0.6,80,6.7,8.2,5.5,37.8,3
3.4,2.7,1.2,1.2,95,6.9,5.6,18.0,28.7,3
1.3,3.3,1.8,0.1,86,1.6,2.6,15.8,2.4,5
0.7,3.5,0.6,1.4,85,5.5,1.3,2.5,20.3,5
2.2,2.3,2.3,1.9,78,3.2,5.0,23.1,9.2,5
3.7,2.1,3.5,2.2,17,10.1,4.1,14.0,0.0,5
2.8,1.7,1.6,2.3,68,3.8,7.0,6.3,0.0,5
2.3,1.3,1.2,2.9,2,10.1,9.0,5.2,0.0,5
0.4,1.7,1.4,0.8,73,5.1,8.1,3.4,30.0,5
2.5,3.1,0.4,0.4,77,8.7,2.7,10.6,28.5,5
4.0,2.4,3.1,3.0,90,6.1,8.8,3.4,1.9,5
0.6,3.6,1.5,0.5,77,7.5,8.3,10.4,37.5,3
2.1,1.8,1.4,3.4,71,4.7,9.3,3.7,47.5,2
3.5,2.4,2.3,2.9,96,9.2,4.6,16.4,17.4,5
3.0,2.5,1.5,1.8,82,5.1,7.7,19.6,9.0,5
2.8,2.4,2.3,3.4,83,5.5,5.9,13.7,27.0,3
2.8,2.8,0.2,0.3,98,6.2,3.1,17.0,35.2,3
1.4,0.9,2.8,1.1,10,10.0,9.9,23.5,0.0,5
1.2,2.0,3.3,2.2,87,7.9,0.4,16.0,30.6,3
3.2,0.4,2.3,1.2,100,4.2,1.6,9.1,7.3,5
3.2,1.5,3.3,3.2,39,8.0,8.9,11.2,0.0,5
3.5,2.0,0.5,0.2,77,7.7,0.6,21.5,21.3,4
3.7,2.6,1.7,1.9,79,11.2,8.9,3.3,11.1,5
2.0,3.8,2.1,2.1,66,10.1,7.2,8.1,0.0,5
2.0,2.4,2.0,2.3,94,7.8,0.4,14.4,20.8,5
3.2,3.0,1.4,0.9,95,4.1,4.3,16.9,30.9,3
2.6,2.0,1.2,1.3,96,9.4,7.5,19.1,33.3,2
2.8,2.5,0.4,3.0,71,6.9,5.8,8.0,48.1,2
3.2,0.3,1.4,0.7,36,11.8,9.4,3.6,0.0,5
3.6,1.0,0.6,2.9,72,3.0,8.7,23.9,49.3,0
1.4,1.4,2.6,2.0,90,1.0,3.3,1.9,32.7,5
1.5,1.9,0.7,2.7,97,0.8,0.8,2.4,22.7,5
0.4,0.2,0.2,2.5,86,7.7,9.4,12.4,44.4,2
2.3,0.6,1.9,0.7,70,11.3,5.2,20.5,34.7,2
0.1,1.1,2.1,2.0,92,0.0,0.7,19.4,17.4,5
1.9,3.9,3.1,3.0,86,8.7,8.2,23.4,44.2,0
2.2,1.3,2.0,1.5,34,7.9,8.7,3.5,0.0,5
1.1,1.9,1.2,3.4,66,8.8,6.4,9.4,0.0,5
2.4,0.8,2.8,1.6,89,4.3,4.5,7.1,44.8,3
0.1,2.4,1.9,0.5,83,9.8,6.6,21.5,22.4,3
0.1,1.1,0.3,1.4,24,0.5,7.1,12.2,0.0,5
3.3,0.8,2.0,3.3,87,9.1,8.9,0.7,37.2,3
1.4,2.1,3.2,1.1,71,3.2,9.6,17.7,22.7,3
0.5,0.0,1.4,3.0,87,5.7,5.1,9.7,4.2,5
2.1,0.0,1.0,3.1,96,9.9,8.0,13.3,38.6,2
3.1,0.9,0.5,1.2,74,3.3,9.6,22.3,2.4,5
0.9,0.1,0.5,0.3,92,2.2,1.5,6.4,35.9,5
2.5,0.4,1.5,2.5,79,8.2,0.2,6.0,45.5,3
0.3,1.4,2.1,1.1,71,6.4,8.7,6.6,17.3,5
0.2,3.2,0.3,2.7,22,6.2,2.0,8.5,0.0,5
2.1,2.3,3.3,1.5,93,3.1,0.4,2.7,11.6,5
2.2,2.1,2.6,1.7,71,0.4,1.6,17.4,28.1,3
2.5,1.2,2.1,2.7,95,4.9,3.8,5.2,47.1,2
2.9,3.7,2.9,1.3,80,1.3,2.2,23.2,25.6,3
3.9,1.6,0.3,1.6,85,10.9,3.1,5.4,5.6,5
2.1,0.3,1.7,1.3,95,0.5,9.8,6.4,31.4,4
1.3,2.5,2.2,1.3,99,5.2,7.0,7.4,36.6,3
3.2,0.5,2.9,1.8,70,0.6,7.1,19.2,19.7,4
1.1,1.4,2.7,2.8,16,1.1,0.9,10.7,0.0,5
1.8,2.0,1.0,1.3,91,7.9,7.3,20.5,16.2,4
0.3,3.5,3.3,1.8,98,7.8,7.4,19.6,39.5,2
0.1,2.0,0.4,2.3,84,0.4,6.6,23.2,17.1,4
3.9,2.8,3.1,0.9,80,0.0,2.3,18.9,12.8,5
3.3,4.0,3.4,1.0,12,0.9,4.2,1.3,0.0,5
2.8,0.5,0.6,3.3,75,9.2,8.5,20.9,27.4,3
1.6,1.1,2.5,2.5,93,7.0,6.7,23.5,14.3,4
0.7,1.6,0.1,2.0,76,0.5,7.3,24.8,46.8,1
0.6,1.7,1.4,2.3,25,5.9,5.9,3.1,0.0,5
1.0,1.6,1.8,0.1,74,8.5,4.5,15.3,11.0,5
2.2,3.6,2.0,2.2,81,10.4,7.6,5.0,30.7,4
2.9,2.9,3.3,1.8,86,11.2,0.7,6.6,43.5,3
2.6,2.4,2.4,1.9,89,3.9,6.7,18.6,34.8,2
1.1,1.2,1.7,1.3,88,1.6,10.0,24.4,12.2,4
3.8,3.3,2.8,0.3,86,2.8,7.8,14.9,32.4,2
3.0,3.8,3.3,0.7,97,9.3,2.9,21.3,31.0,2
2.2,3.3,0.1,3.3,97,11.7,2.8,0.2,41.0,4
2.4,0.0,3.4,1.4,91,5.6,6.7,0.9,8.9,5
1.7,2.5,0.3,1.6,83,3.7,9.0,14.9,35.0,2
1.0,0.2,2.9,0.2,98,5.2,5.8,9.7,1.4,5
1.4,1.0,1.0,0.1,91,3.7,5.3,22.2,34.8,2
3.0,0.2,0.5,2.5,79,3.1,1.6,7.5,48.0,3
0.1,2.4,1.5,1.9,84,7.1,7.2,10.8,8.7,5
0.5,2.7,2.3,1.8,11,0.2,7.0,13.2,0.0,5
0.2,0.5,1.3,0.9,88,3.1,9.7,6.8,29.1,5
0.2,1.5,0.2,2.6,94,7.9,3.0,22.7,36.6,2
3.4,1.8,2.1,0.6,18,0.4,7.6,11.6,0.0,5
2.8,1.5,3.2,0.7,100,1.0,4.3,10.6,33.2,3
1.9,0.5,1.3,1.6,73,3.5,5.6,21.2,45.0,2
0.4,1.7,0.8,1.0,89,10.5,8.2,7.8,36.3,3
2.0,3.0,1.5,0.9,94,9.2,2.2,20.4,35.6,2
1.9,0.3,0.2,2.3,71,0.3,3.4,3.1,19.1,5
0.7,0.3,2.9,2.3,28,6.0,7.7,4.6,0.0,5
1.7,1.4,2.9,2.9,39,3.3,5.7,23.8,0.0,5
1.6,3.8,2.1,1.5,74,7.8,0.9,21.1,10.3,5
2.5,2.7,1.2,0.3,12,8.7,4.3,9.7,0.0,5
2.5,2.7,2.8,1.0,72,10.4,5.9,16.0,32.5,3
0.2,1.4,1.9,3.4,99,5.7,9.1,23.6,43.1,1
1.5,2.4,2.9,2.1,97,11.9,1.9,5.3,6.6,5
2.5,0.0,2.2,2.5,93,11.8,8.1,1.5,40.7,3
2.0,2.5,2.7,0.0,73,10.6,1.3,13.4,40.6,3
3.4,3.7,2.1,1.8,32,6.9,2.4,3.6,0.0,5
2.6,2.5,1.4,0.1,62,4.8,2.4,4.7,0.0,5
0.7,3.5,3.4,2.0,80,4.4,8.8,22.3,9.1,4
0.3,2.9,1.9,3.2,73,0.1,2.0,0.2,8.5,5
2.6,0.5,2.1,3.4,99,3.0,7.9,20.4,43.1,1
0.1,3.6,0.8,1.9,86,8.6,4.6,12.9,24.9,5
2.3,0.3,2.2,1.6,90,7.2,10.0,14.0,12.3,5
3.8,2.1,2.0,3.3,91,11.0,8.4,16.8,34.4,2
2.3,0.6,0.6,2.4,81,0.6,7.4,10.8,44.6,2
1.6,0.0,0.2,0.2,82,1.9,8.7,2.9,31.6,5
2.6,1.7,2.1,1.6,80,9.5,6.3,2.6,17.4,5
1.8,1.2,2.7,0.8,80,4.3,8.4,18.9,24.2,3
2.2,1.9,1.8,1.6,81,1.4,2.6,5.5,37.6,4
3.8,2.3,0.8,1.6,82,12.0,1.0,0.7,3.4,5
1.5,0.2,2.3,2.0,79,9.4,6.2,24.5,10.9,5
3.8,0.5,0.3,1.2,85,4.9,4.3,24.5,23.1,3
3.6,2.2,1.5,0.6,99,9.9,4.3,9.5,30.2,4
0.8,1.4,0.6,1.8,47,8.2,5.3,0.6,0.0,5
0.3,2.9,0.6,2.9,94,9.5,3.6,18.2,14.9,5
0.4,2.6,0.7,2.3,84,9.8,6.3,20.8,2.1,5
0.1,3.4,1.4,1.2,84,1.0,0.3,3.1,1.6,5
0.4,2.8,0.2,3.3,92,7.5,9.7,3.4,13.9,5
2.7,1.7,1.4,3.2,12,0.1,9.2,20.6,0.0,5
0.3,2.7,1.8,0.7,88,0.5,9.4,23.0,27.8,2
1.3,1.1,1.7,0.1,34,10.8,3.7,19.8,0.0,5
3.4,1.2,1.3,2.6,79,6.3,5.3,5.0,20.5,5
0.1,3.2,2.9,2.9,66,8.8,9.5,10.3,0.0,5
3.3,1.8,0.5,3.4,79,10.1,9.0,15.0,20.0,4
1.1,3.2,1.8,3.1,77,11.4,7.9,4.0,6.9,5
0.5,3.3,0.2,2.1,82,10.4,4.1,5.3,5.8,5
2.8,3.4,0.2,1.9,89,5.8,5.6,7.1,15.0,5
2.5,3.7,2.0,0.1,38,4.0,7.9,12.7,0.0,5
3.5,1.7,2.0,0.9,74,1.9,2.7,12.8,16.3,5
2.9,1.3,3.1,1.6,80,4.8,6.3,20.4,46.8,1
3.2,2.3,2.0,2.2,76,4.4,8.3,18.8,19.6,3
1.1,1.5,3.4,2.0,16,6.7,7.1,22.8,0.0,5
0.7,2.4,0.2,2.6,89,8.0,4.8,20.8,39.9,2
3.0,2.8,0.3,1.0,73,11.7,5.8,6.3,4.7,5
3.2,2.8,0.2,2.0,39,8.7,9.9,8.3,0.0,5
4.0,1.5,0.6,0.3,76,7.7,6.0,12.5,48.7,2
1.7,0.7,1.9,1.4,70,4.0,7.9,0.4,25.3,5
1.5,1.7,2.3,2.6,95,0.4,7.3,22.6,2.2,5
3.1,0.6,0.2,2.4,90,3.5,7.0,1.1,2.4,5
1.4,3.6,3.3,3.5,22,9.2,7.2,8.1,0.0,5
3.7,1.4,2.9,1.0,99,2.5,4.5,14.2,43.7,2
3.4,0.6,1.0,1.7,75,8.5,4.7,12.9,22.9,5
1.7,0.1,0.3,1.2,89,7.0,4.7,16.4,8.2,5
3.0,2.6,0.6,1.5,70,2.1,0.3,13.2,41.5,3
3.0,2.5,0.4,3.0,74,3.1,2.4,5.7,16.2,5
0.4,1.4,0.4,2.4,72,6.0,1.5,5.0,21.0,5
3.6,0.3,1.8,3.1,62,5.0,8.9,22.7,0.0,5
2.0,1.6,0.9,0.7,80,9.3,2.7,6.6,17.7,5
3.3,1.2,1.3,3.1,73,8.8,1.4,7.0,31.4,5
1.3,2.7,3.5,0.2,74,6.9,1.2,10.3,44.3,3
3.6,2.4,2.4,3.1,93,9.9,7.0,3.5,39.9,3
1.6,1.5,3.3,1.2,81,6.8,0.1,12.7,19.1,5
0.0,0.9,0.5,1.1,79,11.6,4.7,16.6,14.4,5
3.6,4.0,1.3,1.8,75,2.6,1.2,19.7,14.3,5
0.4,1.8,1.9,3.3,8,8.6,8.5,17.8,0.0,5
1.3,2.8,0.3,0.2,95,4.4,9.6,3.7,24.7,5
3.8,0.6,0.0,1.2,36,3.3,9.6,11.4,0.0,5
3.8,1.9,2.3,3.0,85,2.2,4.4,1.0,6.7,5
2.3,0.1,2.2,1.4,91,6.6,6.4,0.4,8.2,5
2.5,2.0,1.4,0.7,81,2.6,6.0,11.0,17.1,5
1.8,3.9,1.7,1.5,74,2.4,3.5,6.3,28.1,5
1.2,1.5,1.5,1.3,100,11.9,4.4,17.1,29.6,3
1.3,0.2,0.1,3.2,71,9.6,0.6,18.1,24.3,5
2.7,0.1,1.2,2.7,93,9.0,8.0,22.4,36.9,2
3.0,1.6,0.6,1.8,12,9.5,2.4,19.0,0.0,5
3.2,0.6,0.3,3.5,68,11.6,4.6,1.2,0.0,5
3.2,0.1,3.3,1.6,91,6.9,4.8,9.3,6.2,5
0.4,3.0,2.1,0.2,72,2.6,5.6,6.8,26.5,5
2.0,1.8,2.6,0.9,71,10.3,8.2,9.7,19.1,5
0.2,1.2,1.1,1.5,94,8.9,6.9,4.0,6.9,5
2.2,3.6,1.4,0.5,82,5.0,6.6,2.4,49.1,2
1.8,0.5,0.8,3.3,12,5.7,5.3,13.0,0.0,5
3.6,3.8,0.3,2.7,95,4.9,1.0,18.0,31.3,3
1.4,1.3,0.6,0.9,71,11.2,4.0,17.5,24.5,4
0.5,3.6,2.8,2.1,72,4.1,9.6,11.3,7.1,5
0.6,2.4,2.4,2.5,24,11.6,10.0,13.1,0.0,5
3.0,3.3,1.9,3.3,86,10.9,7.3,12.9,31.3,3
2.5,3.9,1.7,3.1,79,7.6,2.3,17.3,12.4,5
0.4,1.2,3.2,1.8,16,7.0,1.0,1.2,0.0,5
0.3,3.8,0.3,2.7,84,4.4,4.1,17.7,47.8,2
2.8,1.6,1.0,2.0,86,0.2,8.6,14.6,23.1,4
0.3,1.5,1.2,1.9,77,1.5,7.2,5.0,1.5,5
3.3,1.4,2.7,0.4,85,9.1,8.8,1.2,17.0,5
2.8,2.2,3.5,0.4,91,5.7,6.2,2.7,29.2,5
0.3,0.6,0.8,1.9,65,1.8,1.3,13.1,0.0,5
0.3,2.2,3.1,0.9,67,3.2,1.1,19.0,0.0,5
3.9,2.2,2.9,0.1,100,11.4,0.5,8.4,22.2,5
1.5,3.0,0.8,2.5,73,4.4,5.7,9.5,5.3,5
1.5,3.3,1.4,0.1,69,10.9,2.4,23.4,0.0,5
3.3,1.8,1.4,2.1,94,3.7,7.3,5.3,31.0,4
3.8,1.2,3.4,1.9,87,6.5,6.9,2.6,1.9,5
3.9,1.0,0.6,3.4,77,0.2,3.2,8.6,14.5,5
3.0,0.8,2.8,1.7,82,6.3,1.8,18.6,20.7,5
1.5,0.2,1.2,0.2,99,7.6,1.0,15.7,27.5,5
0.3,1.4,2.6,1.9,70,2.8,7.4,10.4,14.8,5
3.1,1.1,1.5,2.9,78,6.9,4.5,24.1,14.4,4
2.2,3.9,2.0,3.5,75,7.8,3.2,18.4,49.2,1
1.7,2.2,2.9,1.5,100,8.2,8.6,1.5,2.1,5
3.6,1.4,2.8,1.1,89,9.3,5.9,18.6,49.5,1
0.4,2.3,3.0,3.2,44,3.7,5.2,0.6,0.0,5
2.0,0.6,0.2,0.7,89,6.8,7.4,16.3,14.4,5
0.0,1.8,2.4,2.2,83,11.8,8.2,5.3,24.7,5
1.9,2.5,0.5,1.4,98,10.8,6.9,17.4,7.2,5
0.2,2.0,1.5,0.1,72,11.4,4.4,7.7,6.7,5
0.5,1.6,1.9,1.2,97,4.6,3.8,21.8,12.8,5
0.5,4.0,1.4,0.9,48,9.4,7.7,8.4,0.0,5
2.6,3.5,1.8,2.4,80,7.4,5.2,15.5,19.0,4
3.0,2.5,3.5,3.3,70,1.0,7.0,7.1,28.3,3
2.3,2.3,0.5,0.9,75,9.9,8.9,22.9,35.2,2
3.8,2.5,2.4,2.8,90,8.1,9.2,19.5,37.1,2
1.5,0.8,1.4,0.2,90,2.4,2.8,6.1,34.4,5
1.1,1.6,0.5,1.9,89,1.0,1.9,23.7,16.8,5
3.5,0.2,0.6,0.2,70,10.0,2.6,8.9,5.6,5
0.9,1.9,3.3,3.3,90,0.9,7.5,16.3,14.1,5
3.9,2.2,3.1,2.7,92,1.1,3.7,18.6,10.5,5
0.0,0.9,3.2,2.3,66,5.1,1.7,0.6,0.0,5
3.9,3.9,3.5,2.9,70,1.6,1.0,24.0,1.2,5
0.2,3.6,0.7,2.3,97,11.0,3.3,8.6,46.8,2
3.6,2.9,1.2,3.4,94,5.6,1.4,4.7,46.1,3
2.1,2.1,2.3,2.5,49,6.8,1.6,21.3,0.0,5
4.0,3.5,1.7,3.2,83,11.1,6.8,17.6,8.7,5
0.3,0.5,1.5,1.8,85,6.4,0.2,2.2,7.0,5
2.2,3.2,1.3,0.4,88,4.2,1.2,2.9,14.1,5
3.9,0.5,2.1,1.8,90,9.6,8.4,17.9,10.2,5
2.1,3.2,2.0,0.4,77,5.3,8.4,1.9,47.3,2
2.5,1.1,0.6,2.1,76,3.8,3.3,22.9,4.2,5
2.8,3.5,1.7,1.7,91,8.7,0.9,18.5,10.6,5
1.8,3.8,1.9,2.2,91,9.6,7.0,8.4,4.0,5
2.5,0.6,2.0,0.0,70,9.5,3.6,9.1,49.0,2
2.3,1.9,0.7,0.7,77,11.7,0.5,12.7,45.9,2
3.6,3.9,2.6,1.7,90,9.4,1.6,9.0,35.8,3
0.2,1.9,0.1,3.3,78,9.2,1.4,19.6,21.3,5
1.1,3.5,1.2,1.3,100,10.3,5.9,24.4,9.5,5
3.8,2.4,2.7,1.5,90,0.0,9.0,14.6,11.1,5
3.6,1.5,2.0,2.5,95,4.3,7.9,11.2,22.2,4
1.8,1.1,0.9,2.1,78,8.9,5.5,5.6,38.4,3
2.5,0.8,2.4,1.0,89,7.2,4.2,16.3,13.2,5
1.1,3.0,2.0,1.4,76,2.1,6.2,17.1,15.5,5
0.8,1.5,2.8,0.8,74,3.6,4.4,17.1,30.0,3
1.9,2.0,2.6,3.4,90,4.0,2.5,0.7,11.9,5
1.4,2.0,2.1,0.5,87,6.8,6.8,22.5,29.2,2
2.3,2.3,1.7,1.3,10,10.0,8.7,8.5,0.0,5
0.3,3.5,0.5,0.1,97,11.2,3.7,18.6,1.7,5
3.9,3.9,0.9,0.8,91,9.0,8.4,19.0,20.1,3
3.9,1.6,1.5,2.7,95,10.1,4.3,16.3,46.0,2
2.8,3.3,2.1,0.7,98,5.6,4.0,9.9,14.7,5
2.1,3.1,1.8,0.3,85,4.7,0.3,15.2,16.1,5
1.2,2.3,1.0,1.7,98,4.7,7.0,1.0,3.3,5
3.3,3.8,0.0,0.0,98,7.4,8.1,19.0,30.8,2
2.7,0.8,1.7,0.3,78,1.5,6.6,2.5,42.5,3
0.7,0.4,1.0,2.8,100,7.0,1.5,9.9,17.6,5
3.6,3.4,2.6,2.7,85,8.0,1.0,2.6,12.0,5
3.3,1.8,0.1,3.2,99,5.3,5.7,20.9,47.8,1
3.8,3.4,2.0,3.0,2,11.4,4.0,13.8,0.0,5
2.9,3.6,3.3,2.4,73,7.3,4.3,17.3,28.4,3
2.5,0.2,0.6,0.2,80,2.6,9.7,17.1,15.3,5
1.7,3.5,1.7,2.7,18,5.8,7.2,21.0,0.0,5
3.7,1.8,0.3,3.0,86,8.1,4.1,3.3,35.8,4
3.5,2.0,2.2,2.8,86,3.9,0.2,16.5,26.1,4
0.2,2.5,1.9,1.8,99,1.0,0.3,14.4,26.0,5
0.1,3.7,1.4,0.8,81,7.0,6.8,0.8,3.7,5
1.5,0.1,1.8,3.0,70,11.4,8.4,5.0,25.6,5
3.2,1.9,3.1,2.5,78,5.8,7.1,6.7,41.1,2
3.9,2.8,0.7,3.4,72,10.9,4.1,1.8,47.3,3
0.6,2.9,0.1,0.5,88,10.0,0.3,8.9,5.3,5
2.4,2.8,3.0,0.8,61,1.8,9.7,0.7,0.0,5
1.5,0.5,2.0,0.7,79,8.5,9.9,13.8,28.4,3
3.9,1.2,3.1,2.8,90,5.2,5.5,5.3,44.5,2
3.4,1.4,2.1,0.7,72,3.0,0.7,7.2,37.6,4
3.4,3.2,2.8,0.2,92,8.2,5.4,22.8,48.3,0
1.9,1.1,1.5,3.5,23,8.9,8.9,12.6,0.0,5
1.7,0.8,2.6,0.1,18,2.2,6.8,6.7,0.0,5
1.1,3.8,3.2,2.9,89,11.0,7.2,15.0,36.3,2
0.2,0.0,2.0,1.3,100,9.0,0.8,5.0,26.5,5
3.5,4.0,0.6,2.9,94,11.2,1.1,1.9,10.7,5
3.3,2.7,0.9,1.9,60,3.8,1.3,0.5,0.0,5
4.0,3.3,0.7,3.2,82,11.3,9.0,23.8,4.1,5
4.0,1.2,0.9,3.2,93,4.4,5.3,18.1,39.8,2
2.2,0.1,1.1,0.0,84,0.6,7.9,20.0,16.2,5
3.1,3.0,1.9,0.3,96,9.2,1.2,24.5,42.8,2
3.8,3.3,2.1,0.9,82,8.4,9.3,23.3,30.4,2
3.4,3.0,1.5,2.3,77,7.2,8.2,18.4,33.7,2
1.0,0.6,2.2,3.1,66,5.9,2.2,17.3,0.0,5
1.8,3.0,0.3,1.6,89,0.4,8.7,8.4,22.9,5
0.5,3.1,0.3,2.1,92,7.5,2.6,2.6,20.6,5
3.8,2.6,0.6,0.7,58,5.0,2.1,14.3,0.0,5
2.4,3.1,1.8,2.8,71,6.7,2.6,14.4,41.6,2
0.9,3.4,0.7,3.4,90,5.2,9.1,23.8,31.1,2
2.7,2.5,1.0,0.9,86,11.6,9.2,11.1,1.9,5
2.5,0.4,1.4,1.7,91,7.2,3.3,17.3,41.0,2
1.4,2.0,2.8,0.3,85,9.0,7.1,14.4,5.3,5
0.5,0.3,0.0,2.0,16,11.2,6.8,4.4,0.0,5
2.7,1.6,2.3,1.8,19,7.1,8.1,14.8,0.0,5
2.1,1.6,2.3,0.5,74,0.1,3.0,13.5,0.4,5
3.1,0.3,2.8,1.5,48,0.4,5.1,12.3,0.0,5
2.1,1.4,3.3,1.2,38,8.4,6.7,12.8,0.0,5
3.4,0.4,0.1,1.8,84,3.3,0.3,4.1,32.6,5
2.2,3.2,0.5,2.0,99,7.0,3.8,11.6,8.2,5
2.2,3.8,3.1,0.0,82,2.4,7.0,15.1,12.8,5
3.5,0.3,1.6,2.7,94,3.2,2.5,12.2,12.4,5
1.6,3.8,2.0,2.5,97,6.1,9.6,12.2,48.0,1
0.5,2.1,2.3,1.3,96,11.7,0.3,1.9,3.4,5
0.1,1.2,2.4,0.2,83,7.4,9.6,4.8,21.4,5
3.0,0.3,3.3,2.6,86,11.2,2.2,8.0,43.6,3
2.5,2.0,3.5,3.3,97,11.5,0.5,10.5,38.5,3
2.8,3.2,2.5,0.8,52,2.5,2.9,14.8,0.0,5
0.9,2.8,1.0,1.1,87,3.7,7.9,21.6,48.6,1
0.5,0.2,3.1,0.6,52,9.2,7.5,4.0,0.0,5
0.1,0.3,0.2,2.0,91,10.4,2.1,0.4,15.5,5
1.4,1.6,0.8,0.5,78,6.2,2.0,11.2,1.5,5
2.4,1.2,3.1,1.2,96,11.9,6.4,10.8,7.5,5
1.6,0.9,0.9,2.4,81,0.1,4.6,13.8,28.1,4
1.7,1.1,0.8,2.0,80,3.6,7.9,20.8,7.9,5
3.6,3.2,0.5,1.4,46,7.5,0.2,20.1,0.0,5
1.4,3.7,3.0,1.5,97,5.6,6.1,2.5,1.9,5
2.1,1.6,1.8,2.0,73,1.4,7.3,23.3,13.0,4
3.1,3.6,2.4,0.0,95,4.4,9.9,2.8,34.8,3
1.6,1.3,0.8,0.3,12,0.3,6.8,15.9,0.0,5
2.5,1.9,2.7,3.1,75,7.7,2.3,16.8,36.4,2
3.4,0.9,2.7,0.3,86,10.7,1.1,17.0,49.8,2
3.8,2.6,1.1,2.5,77,10.6,6.4,6.6,39.9,3
0.6,3.9,1.4,3.2,86,8.4,5.2,8.3,17.1,5
3.7,2.4,0.7,0.9,70,5.6,9.0,13.7,45.0,2
2.0,1.4,3.4,1.3,58,6.1,7.3,5.0,0.0,5
1.0,2.6,2.3,2.0,96,1.6,5.1,0.5,36.3,4
1.8,0.5,3.3,3.1,85,4.1,4.0,14.1,1.2,5
3.9,3.6,1.1,3.3,80,2.3,4.0,11.6,8.7,5
2.0,2.0,2.7,2.6,44,9.9,2.3,16.4,0.0,5
1.3,1.8,2.7,0.3,92,11.0,0.2,3.7,18.0,5
2.5,2.3,2.4,2.3,71,6.4,5.7,21.0,41.0,2
1.0,2.5,3.4,1.4,97,8.7,2.1,3.7,18.8,5
0.3,0.3,1.4,1.6,99,1.5,2.1,22.3,42.0,2
0.5,2.7,0.5,0.2,98,7.3,1.3,11.2,48.3,2
0.5,1.0,2.4,0.7,50,8.4,1.9,13.7,0.0,5
0.6,2.9,2.6,2.8,73,5.4,0.3,22.4,28.0,3
0.6,3.3,2.0,1.6,91,2.9,6.7,7.5,31.4,4
2.6,3.2,0.7,1.1,98,10.5,4.0,4.5,46.7,3
0.7,2.2,1.8,1.3,98,8.9,5.6,11.1,12.8,5
1.4,2.1,1.1,3.0,50,10.8,6.4,6.1,0.0,5
3.6,0.6,1.5,2.6,87,9.8,9.7,13.2,16.2,5
1.9,3.1,2.3,1.0,86,11.9,0.7,6.9,10.8,5
2.7,1.1,2.6,0.4,89,2.3,4.2,21.6,4.2,5
0.7,2.0,0.8,0.9,44,1.0,2.5,15.2,0.0,5
0.8,1.1,1.4,3.2,73,4.0,4.8,0.0,44.1,3
0.2,0.5,0.9,2.0,78,1.5,9.2,20.1,17.6,4
0.7,2.5,0.7,1.9,100,6.3,7.2,8.3,27.6,5
1.1,0.2,2.7,2.1,88,7.6,6.6,8.0,32.1,4
0.7,3.0,3.2,1.3,88,6.9,4.4,9.6,20.7,5
0.4,1.3,1.3,2.8,98,3.1,6.7,15.8,45.2,2
0.5,0.0,2.6,1.8,10,10.9,0.3,11.1,0.0,5
1.8,2.0,3.1,0.4,78,0.3,5.9,15.7,6.3,5
0.8,0.2,3.0,0.5,92,4.2,5.5,3.7,7.2,5
1.5,1.1,0.6,1.9,77,8.6,3.5,24.3,44.5,2
2.0,2.8,3.3,3.3,70,9.2,2.0,18.2,49.4,1
2.8,0.3,1.3,1.1,31,5.0,8.1,6.3,0.0,5
0.2,3.4,1.2,3.0,88,0.2,0.5,18.1,7.2,5
3.2,0.0,0.2,2.7,50,7.4,0.7,14.4,0.0,5
2.5,1.0,1.7,0.9,52,0.8,4.4,2.7,0.0,5
0.3,3.0,0.4,0.1,78,1.3,2.5,4.5,30.6,5
3.5,1.3,0.9,0.4,83,7.8,7.5,1.0,47.6,3
3.7,0.4,1.1,2.5,85,3.7,6.3,20.2,40.9,2
0.2,1.4,2.8,0.7,85,4.2,7.7,13.8,43.4,2
1.1,1.1,3.1,1.3,43,5.8,3.2,7.9,0.0,5
3.2,3.4,1.1,1.8,100,11.7,7.4,3.2,16.4,5
3.0,1.3,3.0,2.5,73,11.6,8.6,12.1,35.1,2
0.7,3.2,3.0,0.4,89,5.0,3.5,13.1,22.0,5
0.8,3.6,2.7,1.4,75,3.2,3.4,17.5,14.4,5
1.5,1.7,0.5,1.7,74,3.6,9.0,24.2,7.6,5
1.9,3.6,2.4,1.9,30,3.2,0.5,10.9,0.0,5
2.5,1.5,3.3,2.9,96,6.4,3.5,10.2,29.7,4
1.5,3.9,2.4,0.6,75,7.3,1.2,9.2,28.4,5
1.9,0.4,1.2,2.8,61,5.9,0.3,20.7,0.0,5
3.0,2.7,1.8,2.4,70,4.9,1.1,3.9,28.5,5
0.1,2.0,2.3,1.9,84,2.5,4.3,8.6,8.4,5
1.0,1.6,1.8,2.4,74,5.8,6.9,18.1,33.2,2
2.9,2.5,0.4,1.4,90,4.1,2.9,0.4,21.5,5
3.6,2.8,1.1,0.5,64,6.5,8.5,7.2,0.0,5
2.0,0.0,2.8,2.3,81,8.1,4.4,16.0,38.9,2
2.1,0.7,3.0,1.8,44,7.6,9.7,4.6,0.0,5
0.4,2.9,0.5,2.2,71,5.5,9.5,7.6,35.0,3
1.8,2.7,3.3,1.2,87,6.7,7.7,12.2,28.0,3
2.1,3.9,1.2,3.2,100,3.4,9.3,10.6,3.1,5
1.0,3.0,2.3,2.1,81,0.3,7.1,2.7,32.8,4
1.1,3.8,2.6,0.3,96,7.5,9.0,23.5,23.3,3
1.5,2.8,2.8,1.6,92,3.0,2.4,1.1,23.5,5
0.1,1.2,3.3,2.6,24,8.0,3.5,18.7,0.0,5
1.3,0.4,1.1,2.8,44,9.0,7.5,1.8,0.0,5
0.8,3.1,3.0,1.7,80,11.0,4.2,11.7,12.5,5
1.3,2.6,0.5,3.1,35,11.5,8.4,4.4,0.0,5
0.5,0.2,2.5,0.9,88,0.1,8.8,3.5,48.2,2
3.6,1.4,2.6,1.4,100,11.9,3.0,3.1,40.5,3
2.4,3.8,2.4,3.1,20,8.2,8.2,11.3,0.0,5
2.7,2.0,0.9,3.1,93,7.7,1.5,12.9,45.3,2
3.2,1.7,3.1,2.4,72,0.2,3.3,3.3,11.3,5
2.0,1.8,0.6,3.0,99,10.3,5.2,24.5,35.3,2
0.3,0.8,0.2,0.3,91,1.7,2.3,6.4,27.7,5
2.1,1.5,2.5,3.0,81,10.0,5.8,11.5,26.8,4
2.3,1.5,1.7,1.1,70,0.2,5.8,5.4,35.9,4
3.0,0.2,3.0,0.6,82,7.8,2.1,12.3,10.4,5
1.7,3.1,1.3,0.8,93,5.2,8.0,18.9,8.0,5
0.5,1.7,0.6,1.5,15,2.4,6.3,13.0,0.0,5
1.1,3.3,2.9,0.9,94,1.3,3.2,7.1,14.5,5
1.5,3.4,1.9,1.1,70,5.3,2.3,6.2,48.7,2
2.6,0.8,0.7,0.5,84,1.5,8.8,19.0,22.6,3
2.3,2.6,2.5,1.0,72,5.8,8.4,3.0,5.6,5
1.4,1.9,1.8,2.0,81,7.5,2.3,9.2,34.3,4
3.9,3.5,2.1,1.5,94,9.9,0.4,3.8,15.3,5
2.4,0.9,1.6,1.2,27,8.1,8.0,6.4,0.0,5
0.9,2.7,2.9,2.6,89,0.8,6.2,3.8,21.1,5
0.4,2.4,2.9,3.1,100,3.7,1.0,22.2,48.2,1
0.6,1.2,2.5,2.6,69,3.5,5.9,18.3,0.0,5
1.0,0.5,0.4,1.2,73,11.0,4.5,14.0,17.4,5
0.6,2.6,2.9,2.6,71,10.4,7.7,5.6,22.2,5
0.7,3.0,2.3,0.5,76,4.4,2.1,12.8,0.6,5
1.1,1.3,2.4,0.5,23,0.9,4.5,13.0,0.0,5
0.7,2.6,1.3,1.2,93,10.7,1.6,14.8,42.5,2
3.6,1.6,3.1,2.8,17,10.7,9.6,1.5,0.0,5
0.3,2.9,2.5,0.9,85,10.3,7.8,24.3,7.9,5
2.1,0.8,0.4,0.2,78,10.1,7.4,11.6,26.8,5
1.6,3.6,1.4,0.5,98,5.8,6.9,23.2,48.3,0
3.9,1.1,3.1,3.0,81,2.1,4.2,0.2,7.8,5
0.4,1.5,0.2,2.2,78,5.7,9.2,6.2,9.3,5
1.6,0.2,3.4,0.9,74,5.9,0.7,2.6,46.3,3
3.9,0.4,2.4,1.9,27,5.9,8.0,19.2,0.0,5
3.5,2.1,2.2,1.8,74,6.5,2.2,8.0,7.6,5
3.3,1.1,0.9,2.3,40,3.1,3.2,21.0,0.0,5
1.0,3.3,0.9,0.8,89,4.4,5.2,20.8,2.8,5
0.7,0.1,3.3,3.0,79,5.2,7.8,16.7,21.6,4
2.7,1.5,1.0,1.1,85,1.6,8.4,16.6,38.9,2
3.7,1.3,2.7,2.4,97,5.5,5.8,17.5,27.7,3
2.2,0.1,1.4,0.1,80,9.7,4.0,16.8,32.4,3
2.3,0.5,0.5,1.3,88,9.9,9.5,9.7,16.3,5
1.1,1.7,0.0,1.2,11,4.9,2.5,17.1,0.0,5
3.1,2.0,1.9,1.9,95,6.2,8.0,22.4,0.7,5
0.7,1.6,3.4,0.3,72,0.4,6.1,8.3,41.1,3
1.3,2.1,1.3,2.8,93,8.1,3.8,23.6,31.8,2
1.7,2.4,1.3,0.8,94,4.9,0.0,0.3,11.5,5
2.0,0.0,1.2,2.4,96,5.3,4.5,8.7,20.9,5
1.0,1.9,1.8,2.8,93,10.5,2.8,3.3,40.1,4
0.5,3.9,1.5,2.0,91,5.5,1.0,3.2,26.9,5
2.4,2.1,3.1,2.6,47,0.3,0.8,20.4,0.0,5
1.2,2.7,1.8,2.3,84,2.7,3.5,23.0,13.4,5
2.3,1.2,1.8,1.2,70,5.7,6.1,19.4,10.9,5
0.6,3.1,0.5,2.8,52,5.1,8.4,24.4,0.0,5
1.9,3.1,3.4,1.0,28,10.3,1.8,5.4,0.0,5
2.1,2.1,0.9,2.0,72,6.5,4.2,3.5,35.5,4
0.2,3.9,0.3,2.6,92,8.3,3.9,13.0,43.0,2
1.3,0.5,2.3,1.3,8,5.6,5.1,20.7,0.0,5
0.5,0.1,2.1,1.1,100,5.3,8.1,1.0,12.5,5
0.3,3.1,1.5,1.6,99,5.4,5.5,24.9,9.0,5
4.0,3.2,1.5,2.9,96,4.9,8.5,15.1,23.1,3
1.3,0.5,2.7,3.3,89,6.5,5.2,24.5,1.8,5
3.2,1.1,0.7,1.9,82,3.0,6.0,9.1,39.6,3
1.0,0.1,2.9,2.3,80,10.7,4.4,11.5,44.2,2
2.7,1.2,2.3,3.2,70,4.0,8.2,18.8,34.3,2
3.0,3.1,1.5,0.3,100,1.8,9.2,19.8,13.4,4
2.4,2.1,1.6,0.8,29,1.2,6.4,5.8,0.0,5
1.9,1.4,0.9,2.5,94,0.2,8.2,23.2,19.1,3
1.6,1.5,2.6,2.9,91,5.1,0.6,21.7,41.7,2
1.4,0.0,1.8,3.0,91,2.3,9.1,0.5,17.4,5
3.7,1.2,1.1,1.5,2,0.3,1.9,3.2,0.0,5
3.3,2.6,2.1,0.3,94,6.2,2.6,12.4,13.7,5
3.9,3.9,3.5,1.5,47,8.2,0.5,11.5,0.0,5
0.5,3.4,1.5,0.8,71,1.0,9.7,17.7,33.8,2
2.9,0.1,3.2,1.0,96,5.5,8.5,2.2,45.0,3
3.8,3.6,1.2,2.7,85,8.9,9.1,16.1,38.7,2
0.7,3.1,0.2,0.3,72,11.8,8.5,15.4,27.0,3
0.3,3.1,0.7,2.9,99,8.0,4.8,5.8,7.4,5
3.0,1.8,1.5,1.5,16,2.9,9.2,13.6,0.0,5
2.3,1.6,0.8,2.1,85,8.6,9.7,5.6,29.2,4
3.4,1.2,0.0,0.3,93,7.2,5.0,3.7,43.5,3
0.6,0.3,3.2,1.2,98,2.5,1.8,14.3,13.4,5
3.2,0.9,3.0,0.3,91,10.2,6.6,24.4,6.1,5
0.8,1.0,2.6,3.4,89,5.1,9.8,5.9,27.9,4
0.7,1.9,0.6,2.8,47,11.5,8.7,8.9,0.0,5
0.7,3.0,0.4,1.6,81,8.7,8.6,6.4,30.5,4
3.3,1.9,0.2,0.8,97,7.7,9.3,6.7,13.2,5
2.7,0.2,2.5,3.3,97,8.7,8.9,10.1,11.5,5
2.1,3.8,3.3,1.2,73,5.7,7.8,17.5,20.0,3
1.4,3.8,1.5,0.6,82,6.1,7.2,1.0,29.7,5
3.5,3.1,0.4,2.0,74,10.2,2.6,23.9,27.3,3
1.6,4.0,1.8,3.3,22,8.2,6.2,1.2,0.0,5
3.3,2.2,1.2,0.0,83,10.8,5.2,22.0,44.6,2
1.8,3.9,1.3,0.8,94,10.7,8.6,22.4,5.5,5
1.5,0.3,2.2,3.3,100,11.7,4.9,13.1,2.0,5
1.9,1.5,2.5,0.6,90,8.4,1.3,3.4,30.1,5
1.2,0.9,0.4,0.4,70,6.0,0.0,14.1,6.2,5
3.0,0.8,0.1,2.0,87,2.0,6.8,15.7,25.2,4
2.0,0.6,3.5,3.0,87,8.5,5.5,21.4,47.6,1
0.9,2.5,0.8,1.7,0,3.5,3.3,13.8,0.0,5
3.6,3.1,0.2,3.5,72,3.4,1.7,10.3,30.9,4
1.5,2.3,0.7,2.4,35,2.9,4.7,21.0,0.0,5
2.2,0.6,0.1,0.3,96,10.5,1.0,24.5,9.0,5
3.6,3.2,1.4,3.5,88,10.4,3.4,16.1,21.6,4
2.5,2.5,2.8,1.4,85,7.6,3.8,21.9,17.1,4
0.5,1.6,1.2,1.0,78,5.7,4.7,15.0,47.7,2
3.8,2.7,1.6,2.0,82,8.1,4.7,17.2,12.1,5
2.5,1.0,2.4,1.1,99,7.3,2.6,17.2,23.6,4
1.3,1.4,1.8,0.3,44,5.0,8.5,17.6,0.0,5
0.6,3.7,3.0,0.0,38,4.6,3.6,8.0,0.0,5
3.2,1.2,3.0,1.6,92,4.6,2.3,14.4,48.2,2
2.5,1.9,0.0,2.9,94,7.1,1.8,14.9,30.4,4
2.1,3.6,2.7,2.0,87,7.8,3.2,7.9,16.7,5
3.6,2.8,1.6,3.5,90,5.4,0.7,8.7,41.3,3
3.2,0.2,3.5,1.0,40,11.6,0.3,19.1,0.0,5
0.6,0.6,1.7,1.0,74,1.0,6.1,14.6,8.2,5
1.2,0.0,3.5,0.6,71,4.2,6.2,3.7,35.3,4
1.0,2.5,2.6,0.6,55,5.0,5.3,20.9,0.0,5
3.0,1.8,0.9,1.0,97,0.2,7.6,22.1,43.9,1
0.1,0.5,1.9,2.8,94,4.4,0.4,11.7,48.1,2
2.3,3.8,3.5,3.2,90,3.3,9.4,5.2,42.9,2
3.0,2.1,3.0,3.4,12,6.1,1.0,23.7,0.0,5
3.5,1.0,0.3,0.8,84,4.0,6.7,22.1,33.2,2
1.4,2.0,2.5,3.1,24,8.7,1.3,6.1,0.0,5
3.3,2.7,1.2,1.1,92,6.1,8.8,2.4,49.1,2
0.4,0.3,0.0,0.4,51,1.6,5.1,11.0,0.0,5
3.4,1.1,1.4,3.0,82,9.0,0.8,16.9,8.5,5
0.5,3.2,0.8,2.2,89,1.2,6.2,4.4,42.6,3
1.6,1.8,2.9,0.6,85,10.1,0.1,12.8,15.9,5
3.2,2.2,1.2,1.5,97,11.2,7.8,10.6,29.9,3
0.6,1.7,2.9,1.0,91,3.9,6.5,22.3,19.5,3
0.9,0.2,0.0,2.6,81,11.1,2.1,10.7,20.1,5
2.9,0.7,1.1,1.6,91,9.5,3.7,13.3,36.6,3
2.9,1.8,0.8,3.5,37,11.1,0.1,23.9,0.0,5
2.6,0.8,0.8,0.2,89,8.0,6.9,7.5,34.7,4
2.8,0.2,0.2,1.2,72,2.8,3.2,7.2,0.7,5
2.2,3.4,0.7,1.7,12,10.7,5.7,20.0,0.0,5
1.0,3.9,1.9,1.8,7,2.2,9.6,6.9,0.0,5
1.4,3.2,1.0,1.1,2,2.6,3.0,20.8,0.0,5
0.7,3.4,1.5,2.6,37,3.3,9.9,2.4,0.0,5
3.6,1.0,1.3,3.1,14,3.7,6.3,2.8,0.0,5
2.3,3.8,3.1,3.3,85,6.2,2.4,22.5,34.4,2
1.6,0.8,3.2,2.8,80,8.6,4.4,13.5,32.9,3
1.8,3.8,1.7,3.0,86,11.1,7.4,18.0,30.2,2
3.8,4.0,1.2,1.9,79,1.1,4.5,5.6,20.7,5
0.6,2.8,0.4,2.9,88,11.5,0.7,4.2,18.7,5
2.3,3.9,3.3,1.1,96,11.1,1.7,20.9,28.2,3
2.0,2.3,0.2,1.4,14,0.6,7.9,9.0,0.0,5
2.4,1.0,1.0,1.1,59,4.3,6.5,11.4,0.0,5
0.1,1.7,1.0,1.6,82,9.8,5.7,0.7,41.3,4
3.5,2.4,1.1,1.0,98,7.3,1.7,9.6,17.3,5
3.7,0.3,0.6,3.4,82,9.3,8.4,19.3,28.3,3
2.3,2.5,2.7,1.1,98,8.6,9.6,20.5,46.6,0
2.8,3.9,0.4,0.3,98,6.0,0.4,17.5,13.6,5
3.7,0.8,2.2,1.8,54,0.5,0.8,17.3,0.0,5
2.8,3.2,0.4,0.2,93,7.0,8.8,12.7,4.1,5
0.6,3.6,0.2,0.4,87,0.6,8.2,13.5,26.2,4
2.3,3.8,3.2,0.8,87,7.2,6.2,18.6,44.2,2
2.4,3.8,0.7,1.6,100,9.6,9.4,6.2,27.6,4
1.7,2.1,2.9,1.5,77,7.0,6.5,5.8,30.8,4
2.9,3.9,1.9,2.8,13,12.0,2.2,23.7,0.0,5
3.7,3.0,0.3,2.6,89,5.5,7.3,0.7,35.8,4
3.7,0.6,3.3,1.5,53,9.0,6.5,3.5,0.0,5
1.8,1.9,0.9,1.2,70,8.0,9.9,14.3,29.3,3
0.5,2.9,3.0,1.1,84,11.9,2.1,18.4,31.6,3
3.9,1.0,0.6,2.7,37,8.6,6.0,13.4,0.0,5
3.4,2.6,3.0,0.2,70,2.0,7.8,8.9,49.0,2
0.5,2.7,0.0,0.0,67,11.5,3.4,24.4,0.0,5
3.7,0.7,1.8,2.8,84,8.0,3.8,17.6,35.4,2
3.5,2.3,2.7,1.7,79,0.7,8.9,20.8,6.8,5
2.1,3.1,3.3,0.5,95,7.9,4.0,1.0,40.9,3
2.4,2.0,3.2,0.8,70,10.6,6.2,5.9,36.8,3
1.6,0.0,2.9,3.3,38,6.9,8.9,9.4,0.0,5
0.2,0.0,3.1,3.0,97,4.2,2.1,4.6,11.6,5
1.3,1.4,0.7,2.5,93,9.9,9.8,1.8,45.2,3
3.2,3.7,1.0,1.7,81,9.4,7.0,5.6,4.9,5
0.0,0.9,1.0,1.8,76,6.5,5.0,13.3,12.7,5
1.3,2.5,1.3,3.4,99,1.9,4.3,17.4,33.2,3
1.6,0.9,1.4,3.4,57,3.0,9.5,19.4,0.0,5
2.1,1.3,1.9,0.8,92,8.9,2.1,1.1,15.7,5
3.7,3.4,0.6,2.8,80,9.7,3.1,10.7,35.1,3
1.4,2.9,2.4,0.7,9,3.4,3.1,3.1,0.0,5
1.4,0.4,0.6,0.7,91,4.4,2.9,10.8,0.0,5
3.0,1.7,1.1,2.4,45,0.9,4.7,10.8,0.0,5
1.8,0.1,1.8,1.4,48,8.6,9.9,12.5,0.0,5
0.9,1.9,2.8,3.3,78,0.0,8.9,22.3,11.1,4
1.8,2.6,2.6,0.3,74,0.6,3.3,20.1,5.6,5
0.6,0.5,2.3,1.8,70,0.1,4.2,15.9,34.1,3
0.7,1.2,0.5,3.2,84,7.7,6.7,22.1,22.0,3
2.0,1.6,1.9,3.2,94,5.0,0.2,17.0,39.8,2
1.7,3.7,0.3,0.5,20,3.6,8.2,20.5,0.0,5
3.7,4.0,1.3,1.3,89,11.0,8.8,14.1,42.3,2
1.4,0.2,1.4,2.2,94,2.3,8.6,13.1,15.7,5
2.3,3.0,0.1,0.6,82,4.7,3.8,18.1,25.3,4
2.5,1.5,1.0,3.4,25,11.3,4.6,0.5,0.0,5
0.1,1.6,3.3,3.2,88,5.1,0.1,17.3,16.1,5
2.7,3.0,3.3,0.6,76,6.7,4.0,23.4,2.1,5
0.7,3.7,1.2,0.4,76,1.0,4.6,17.8,24.8,4
3.8,3.8,0.2,0.3,82,9.5,9.1,0.9,0.6,5
0.6,2.3,0.6,3.2,31,5.1,8.9,9.4,0.0,5
1.7,1.4,1.4,0.7,89,9.6,9.7,20.2,39.8,2
0.3,3.2,3.3,1.5,86,3.0,8.9,24.0,9.6,4
4.0,1.0,0.5,1.6,75,5.1,0.1,9.3,14.4,5
2.0,2.3,2.7,2.1,94,9.4,6.4,21.0,49.1,0
2.4,1.4,0.4,0.3,87,11.7,0.7,21.6,18.7,5
0.3,2.6,3.4,0.8,29,0.7,2.7,3.1,0.0,5
3.0,1.0,1.3,3.3,73,9.7,5.8,21.1,22.3,3
0.8,0.8,2.7,3.2,86,3.6,7.0,8.1,43.2,2
3.6,3.7,1.2,2.7,79,6.6,6.5,14.8,35.2,2
0.8,0.4,2.2,0.1,79,3.5,0.5,13.5,1.1,5
0.8,2.0,0.7,1.1,95,7.4,1.0,16.6,14.7,5
0.1,0.9,0.5,2.2,70,4.2,1.3,18.5,27.9,4
1.9,0.2,3.3,1.0,96,4.0,0.9,11.0,46.3,2
2.3,0.1,3.2,3.2,78,0.5,1.8,22.2,5.1,5
0.3,0.7,3.1,2.2,70,1.8,6.9,20.2,30.1,3
3.1,3.5,2.2,0.3,92,11.0,8.3,19.6,15.1,4
1.8,1.1,2.8,3.2,71,12.0,4.1,11.5,44.5,2
2.1,3.8,0.2,3.4,96,9.4,6.9,0.9,38.3,3
1.8,2.3,1.2,0.3,77,3.4,2.0,12.3,18.5,5
1.6,1.7,1.1,1.9,47,4.8,9.7,22.5,0.0,5
2.2,2.3,2.2,1.1,42,8.9,3.5,4.8,0.0,5
0.6,2.1,1.2,1.4,85,11.6,8.5,24.6,31.1,2
0.7,3.0,0.5,0.6,92,5.5,9.5,20.2,20.3,3
3.4,1.1,2.1,2.0,89,10.0,8.6,17.7,15.7,4
3.8,1.4,2.9,3.4,79,11.7,0.7,16.9,49.3,2
1.5,3.6,1.3,1.8,97,10.5,6.5,14.7,23.3,4
1.1,3.8,0.5,0.3,13,2.7,1.2,18.0,0.0,5
2.6,3.6,0.7,2.2,85,0.1,0.1,10.5,8.9,5
1.6,1.7,0.8,1.2,94,5.9,0.5,21.1,0.7,5
0.1,3.1,1.0,3.0,1,6.4,9.2,17.4,0.0,5
0.6,1.9,2.2,1.5,86,2.4,9.1,19.3,33.3,2
2.9,2.0,2.1,0.7,97,3.4,2.3,19.8,25.3,3
2.6,0.8,2.4,0.7,86,9.2,5.5,2.3,44.5,3
0.1,2.4,1.3,2.7,71,5.6,9.6,1.4,21.7,5
0.9,0.7,2.9,0.9,79,3.8,5.0,20.0,15.6,5
0.9,1.3,0.7,2.7,73,7.5,3.9,6.5,45.8,3
2.7,3.4,1.6,0.7,77,7.8,4.8,14.5,20.3,5
0.1,0.8,2.8,1.1,86,9.2,7.9,11.1,13.5,5
0.4,0.3,0.6,1.6,88,1.9,4.8,0.6,4.9,5
3.2,0.3,0.4,3.3,90,8.9,7.8,1.0,39.7,3
0.7,3.8,3.1,3.3,79,7.2,4.3,20.7,41.3,2
2.6,2.0,1.2,0.7,90,0.7,2.5,15.2,1.7,5
1.0,1.6,2.4,1.3,71,9.3,3.3,13.1,17.9,5
0.4,3.2,0.1,0.5,87,4.6,0.8,23.6,37.5,2
1.0,3.3,2.4,1.8,100,4.0,5.0,4.3,47.3,2
2.9,1.3,1.1,1.6,82,5.4,1.5,6.4,18.9,5
3.4,2.8,0.2,3.2,88,4.2,8.1,18.9,43.6,1
3.3,3.1,2.1,3.3,85,4.1,4.2,19.4,19.7,3
1.6,2.6,0.8,1.3,91,9.7,7.7,10.1,9.0,5
2.7,0.6,1.4,1.7,49,1.5,9.5,23.8,0.0,5
0.8,3.5,0.3,3.1,39,11.6,8.5,23.5,0.0,5
1.2,2.2,0.5,2.8,41,6.7,9.5,0.3,0.0,5
3.6,1.1,1.0,0.0,90,2.2,5.7,4.3,47.3,3
0.1,1.7,0.3,1.1,75,1.6,1.7,20.5,10.3,5
0.3,0.2,3.2,1.5,72,7.1,9.4,8.4,19.1,5
0.8,0.5,0.0,0.8,83,7.6,8.7,2.4,1.3,5
0.1,3.1,1.7,0.7,69,0.6,8.6,19.6,0.0,5
0.7,0.0,0.4,0.1,77,2.9,6.9,11.4,45.8,2
2.3,1.7,1.1,2.3,77,9.5,6.2,12.3,11.9,5
1.7,2.1,3.2,0.9,95,0.6,0.1,4.7,21.4,5
3.6,0.2,0.6,0.2,77,10.3,7.5,16.5,6.1,5
3.3,3.9,3.4,0.8,76,7.9,0.9,13.8,22.8,5
1.4,0.9,0.7,2.8,70,5.2,2.6,5.2,6.7,5
1.0,1.2,2.6,3.0,71,4.2,5.5,8.5,26.2,5
1.5,1.2,1.9,1.7,70,0.2,4.5,14.9,36.7,3
2.4,0.9,3.1,1.5,24,9.9,0.2,23.1,0.0,5
1.1,0.0,1.9,3.4,82,1.7,8.2,23.0,12.3,4
2.5,2.9,1.9,0.7,100,3.7,8.8,7.2,17.7,5
1.6,3.9,0.7,0.8,74,6.8,6.8,18.4,31.9,3
2.2,0.9,0.6,1.0,84,3.0,5.4,19.4,29.5,3
1.7,2.7,3.2,0.6,51,6.0,9.6,20.2,0.0,5
1.2,3.0,1.1,1.3,10,9.7,1.2,14.3,0.0,5
3.8,3.4,1.3,3.2,99,5.6,7.4,0.3,23.8,5
3.1,1.7,2.7,2.2,95,11.4,1.3,19.0,8.1,5
0.6,1.2,1.2,1.4,87,10.2,3.8,2.7,6.1,5
3.5,1.3,3.3,3.3,72,4.0,5.9,2.9,48.3,2
1.9,2.9,2.6,0.2,76,4.8,7.4,15.1,14.1,5
3.6,3.3,2.1,0.7,75,5.1,0.0,24.6,45.4,1
3.2,0.7,3.1,2.0,76,7.5,2.6,6.1,20.5,5
1.7,1.5,0.2,2.2,47,3.4,5.4,16.1,0.0,5
0.1,3.6,0.9,0.1,83,11.6,5.3,7.6,35.0,4
1.1,3.2,1.6,1.4,79,7.3,6.4,22.5,0.5,5
2.2,3.9,0.8,2.3,91,4.8,3.0,14.8,16.9,5
2.5,3.0,2.6,2.4,88,7.7,5.4,5.2,15.1,5
1.0,1.6,3.2,2.2,51,4.7,1.9,6.6,0.0,5
0.6,2.4,1.5,1.1,15,9.8,1.9,10.8,0.0,5
3.3,2.6,1.2,0.3,84,6.8,5.8,3.1,18.2,5
3.9,0.3,3.4,1.5,89,0.5,6.9,2.0,13.3,5
2.1,2.2,1.6,0.5,99,2.1,1.2,17.0,29.5,4
0.7,2.8,1.7,3.3,90,10.4,1.2,10.2,7.6,5
1.1,0.7,1.2,1.7,89,6.8,5.7,18.2,12.3,5
0.1,3.1,3.2,1.1,14,11.4,2.7,2.8,0.0,5
3.7,2.3,2.0,2.7,71,0.9,3.9,15.2,30.4,3
0.5,3.8,2.7,1.7,92,3.5,4.0,11.1,18.7,5
2.3,0.2,2.8,1.1,82,2.3,1.8,1.4,25.3,5
1.1,1.1,1.2,2.8,52,6.6,0.0,13.6,0.0,5
2.2,2.4,1.5,3.0,72,4.6,8.5,2.1,47.8,2
2.6,1.2,3.0,2.4,87,1.9,7.2,20.7,38.2,2
3.3,2.9,1.3,0.2,89,7.7,6.9,15.8,20.3,4
0.8,3.0,2.8,2.0,97,6.4,5.5,13.9,37.4,2
0.0,0.4,3.3,2.7,80,3.3,7.0,3.3,47.5,3
0.5,2.1,2.2,0.5,81,5.8,9.4,7.2,25.0,5
3.6,2.0,2.6,0.8,76,8.9,6.7,12.3,20.5,5
3.5,1.5,2.8,3.1,72,2.5,2.7,15.8,3.9,5
2.4,3.7,3.0,0.1,88,3.5,5.7,4.6,44.6,3
2.4,3.3,1.4,2.6,75,4.2,4.4,0.2,12.3,5
2.7,2.8,0.2,1.7,86,9.0,5.6,8.6,3.2,5
0.7,2.9,1.4,1.6,76,10.2,5.2,12.1,26.9,4
3.7,1.8,2.4,0.0,77,4.5,8.6,4.6,42.3,3
1.7,3.7,1.6,2.9,71,3.6,6.5,12.3,20.3,5
1.5,2.8,2.6,1.3,85,10.7,1.9,8.5,39.2,3
2.1,2.9,1.2,1.9,82,12.0,0.6,11.4,41.8,3
0.2,3.4,2.2,2.4,82,8.0,4.2,8.7,22.7,5
0.7,1.1,0.7,2.5,72,11.9,0.2,15.7,29.5,4
3.0,3.2,2.6,3.3,63,7.9,3.2,1.1,0.0,5
0.3,0.8,1.9,1.9,75,8.8,3.7,4.3,47.0,3
2.4,1.4,0.7,1.4,99,4.7,3.8,10.8,36.3,3
1.0,1.3,1.0,3.3,95,5.2,9.8,8.9,46.3,2
1.6,3.9,2.6,2.2,13,1.7,3.0,9.8,0.0,5
1.2,3.4,1.7,1.0,94,9.9,2.7,20.1,15.5,5
1.4,2.8,0.8,0.4,99,11.2,1.3,22.2,3.5,5
2.9,2.9,3.4,2.9,39,7.5,5.1,6.2,0.0,5
1.2,2.2,2.5,1.3,98,4.1,1.5,20.9,43.7,2
2.3,3.8,3.3,2.3,78,1.8,6.2,11.5,16.3,5
1.9,2.0,1.5,1.6,93,3.2,1.6,6.8,6.4,5
2.7,1.5,1.7,0.7,72,3.1,5.8,24.6,3.4,5
3.7,0.7,3.1,2.1,53,7.4,8.3,20.6,0.0,5
2.9,3.1,1.8,0.2,77,11.3,0.4,24.9,8.2,5
0.9,2.9,2.5,1.4,79,0.6,4.2,4.2,17.3,5
0.1,1.5,0.9,1.9,77,0.0,4.6,3.6,41.0,4
1.0,0.1,1.6,1.5,91,7.2,7.9,12.6,19.2,5
2.4,3.4,0.4,2.6,80,3.4,4.7,16.0,30.5,3
0.2,0.0,0.7,2.9,90,10.6,5.7,4.3,25.1,5
2.0,2.8,0.0,2.7,87,3.9,7.9,21.5,35.9,2
2.4,3.9,0.1,0.1,84,3.5,5.6,13.3,7.8,5
1.3,1.8,3.4,0.7,72,3.2,3.6,10.3,46.0,2
3.1,0.9,0.8,1.9,31,1.7,0.9,15.1,0.0,5
0.4,2.8,2.3,3.3,1,7.0,7.3,15.9,0.0,5
0.3,3.3,2.9,2.9,40,2.0,8.7,1.1,0.0,5
2.9,2.2,1.9,2.9,37,5.1,9.7,25.0,0.0,5
2.0,3.9,0.5,1.1,98,5.5,9.3,9.1,39.1,2
2.8,0.2,2.5,1.5,70,0.2,8.0,1.5,29.4,5
1.7,2.0,2.1,1.6,86,0.2,6.4,21.3,19.0,4
1.0,2.9,2.6,0.6,98,6.2,7.8,24.8,16.6,3
3.3,3.5,2.7,0.1,73,8.4,4.3,20.4,42.8,2
3.2,0.7,3.4,3.3,34,11.3,5.9,21.3,0.0,5
2.8,3.2,2.0,0.8,91,2.1,3.5,15.6,29.1,3
1.1,2.2,1.2,0.8,84,1.2,3.3,23.1,26.2,3
2.4,1.6,2.3,0.3,89,0.6,7.6,0.9,40.8,3
1.4,0.5,0.2,3.2,58,5.2,4.5,19.2,0.0,5
0.4,3.5,3.1,2.0,90,7.5,2.1,16.8,20.0,5
3.7,0.6,0.4,2.3,100,10.1,2.0,1.2,4.1,5
0.5,1.2,1.1,3.2,81,8.2,8.6,13.6,38.4,2
3.8,1.2,2.9,1.2,81,2.5,6.8,12.9,8.4,5
1.8,3.5,2.1,2.2,99,5.5,5.5,17.3,0.8,5
0.7,2.7,1.4,0.1,93,10.9,4.0,1.9,42.2,4
2.2,3.2,1.7,0.7,84,3.9,4.3,20.1,28.9,3
3.5,1.0,3.0,2.9,98,6.0,0.6,3.5,44.6,3
2.9,2.5,1.2,2.7,72,11.5,4.5,10.5,24.2,5
3.2,2.3,3.0,1.2,29,8.8,8.0,22.0,0.0,5
2.6,3.3,0.3,1.3,70,9.0,3.9,14.0,17.7,5
2.8,3.6,2.7,1.9,72,3.0,3.8,9.5,36.2,3
3.4,0.0,3.0,0.0,78,5.0,0.2,1.2,15.0,5
1.0,2.7,0.6,0.8,95,1.0,4.6,16.8,0.1,5
2.0,0.2,1.5,0.7,45,7.3,0.3,24.7,0.0,5
0.9,2.2,0.6,0.9,78,1.2,5.7,22.8,36.9,2
4.0,1.2,2.5,2.8,98,10.0,5.1,17.9,7.5,5
3.8,1.2,1.9,1.0,82,9.8,8.4,2.6,25.2,5
0.2,1.4,2.2,0.7,92,6.4,5.8,6.0,10.6,5
2.8,2.5,0.7,1.8,92,1.7,3.2,4.7,3.7,5
3.7,1.3,0.7,3.0,71,0.3,5.2,8.9,30.9,4
0.7,2.9,0.1,0.8,8,9.6,7.0,5.9,0.0,5
2.3,1.6,1.1,0.3,89,7.2,0.9,6.1,15.5,5
3.7,0.3,2.0,1.2,72,8.5,6.2,15.4,29.0,3
0.1,3.1,3.0,2.6,79,3.6,9.2,8.0,47.7,2
2.8,1.1,2.3,1.9,83,6.1,3.0,16.9,32.5,3
1.2,1.7,1.5,2.9,62,9.0,6.3,23.7,0.0,5
3.7,2.7,3.3,3.4,76,5.6,8.2,16.0,8.9,5
3.9,1.3,2.5,2.8,84,7.2,5.1,18.8,24.6,3
3.8,0.2,3.3,2.1,93,9.5,7.2,18.8,18.4,4
1.9,1.5,1.8,1.7,77,2.6,3.1,8.3,23.5,5
3.4,3.8,0.9,0.1,85,0.8,3.1,0.4,40.0,4
3.4,2.6,0.2,3.4,72,6.4,6.7,1.4,23.0,5
1.3,2.7,2.5,1.3,83,0.7,7.1,7.1,3.1,5
3.3,2.5,0.4,0.5,76,9.2,9.4,17.2,45.3,2
0.1,0.8,1.1,2.3,99,8.6,2.2,22.7,27.2,3
2.4,1.7,1.9,1.0,73,10.6,4.7,24.0,46.2,1
0.9,3.0,2.0,2.1,73,7.7,2.5,0.6,28.6,5
0.5,0.4,2.1,2.1,75,0.8,0.8,24.8,3.5,5
0.3,1.1,0.6,1.6,97,3.0,4.0,8.1,27.6,5
2.8,1.1,1.3,2.9,76,9.7,3.7,21.1,28.8,3
1.4,1.7,2.2,0.9,74,2.0,2.7,4.5,10.7,5
2.9,3.9,3.4,1.6,88,8.4,3.0,1.6,23.6,5
0.3,0.3,2.5,1.9,56,9.4,3.6,9.5,0.0,5
1.3,2.1,3.2,2.3,87,4.0,9.9,21.5,31.1,2
2.2,0.7,2.7,2.7,74,3.9,7.8,5.5,13.0,5
3.2,3.9,2.1,1.4,78,6.7,0.7,3.8,29.1,5
1.3,0.5,0.7,2.3,70,10.3,8.7,22.7,12.0,5
2.5,1.6,2.3,0.5,60,2.7,6.3,23.5,0.0,5
3.5,3.0,2.2,3.3,75,11.3,8.9,0.3,6.1,5
2.5,2.8,2.1,1.3,33,7.2,3.4,18.2,0.0,5
0.9,1.7,1.7,2.6,88,11.9,4.6,7.7,16.0,5
0.1,1.4,1.9,0.1,3,1.1,9.0,9.4,0.0,5
3.5,1.6,1.2,0.7,15,1.5,2.7,11.7,0.0,5
0.1,1.1,1.8,1.7,100,9.9,9.2,10.7,48.1,2
3.5,0.8,0.7,3.1,72,10.4,8.3,12.9,26.1,3
2.1,1.9,2.8,1.8,63,5.3,9.8,14.6,0.0,5
3.8,1.1,0.7,3.3,93,8.6,3.2,11.6,47.1,2
3.2,1.1,0.3,1.7,83,10.4,2.4,17.5,46.1,2
4.0,2.6,1.5,1.7,52,0.5,3.3,18.0,0.0,5
1.4,3.9,2.3,0.4,83,6.9,9.5,11.0,4.9,5
3.1,2.4,1.5,2.8,46,10.2,3.3,3.6,0.0,5
1.6,0.3,1.0,0.9,33,4.8,5.7,16.0,0.0,5
1.9,0.3,2.0,3.1,92,3.6,4.0,19.3,41.8,2
2.5,3.8,1.2,3.2,94,9.5,4.0,16.0,28.9,3
3.5,1.2,3.3,3.3,85,4.0,1.9,14.7,0.9,5
3.9,0.4,3.2,1.8,87,0.0,5.4,5.7,48.7,2
3.1,2.4,1.8,2.4,80,11.5,8.5,16.1,23.6,3
1.7,2.5,1.1,2.7,40,7.1,0.5,8.4,0.0,5
1.7,2.6,2.6,0.5,72,9.8,8.9,23.0,19.7,3
3.0,1.1,0.1,2.1,42,9.9,6.7,16.3,0.0,5
1.0,0.1,1.7,0.1,87,0.8,6.2,7.0,12.1,5
0.4,3.9,1.2,1.7,97,2.1,6.3,11.8,16.4,5
1.4,1.0,3.2,0.5,85,3.7,3.0,21.2,49.3,1
1.1,2.7,0.0,0.6,80,3.8,4.2,8.4,18.4,5
1.2,2.8,1.9,1.3,84,7.9,8.0,13.1,26.3,3
0.9,2.4,2.6,1.5,76,7.5,3.1,17.0,42.4,2
0.2,1.3,1.7,2.2,93,5.9,4.7,18.9,26.4,3
0.1,1.1,0.3,0.3,73,2.5,0.2,4.3,16.2,5
4.0,2.4,3.4,1.8,90,4.6,7.3,14.1,26.2,3
1.7,3.5,1.8,0.6,88,6.5,4.2,22.8,5.7,5
1.5,3.8,2.1,2.0,91,5.6,5.3,24.2,6.5,5
2.7,0.4,0.8,2.2,20,1.5,1.1,16.4,0.0,5
0.9,0.6,1.7,1.9,82,7.8,9.9,24.6,45.9,0
3.8,3.8,1.5,2.6,96,0.9,3.0,14.3,36.3,2
3.1,2.9,0.3,1.2,100,4.5,6.3,11.1,3.7,5
0.4,3.5,0.4,2.7,86,8.5,5.8,13.8,20.1,5
1.7,0.8,2.9,1.5,75,0.2,7.9,2.9,0.1,5
3.5,2.4,0.8,1.7,82,6.8,2.9,10.0,25.6,5
3.8,2.8,0.7,2.3,80,4.0,7.6,11.5,9.7,5
1.9,2.7,1.8,0.1,83,0.1,3.8,21.2,43.4,2
2.5,1.6,2.7,2.3,93,2.3,4.1,19.0,5.2,5
0.7,0.1,0.2,2.2,34,11.3,6.7,15.0,0.0,5
4.0,2.3,2.0,1.1,89,6.3,7.8,8.7,22.6,5
0.9,1.0,0.4,0.3,86,12.0,6.7,4.7,7.8,5
3.8,1.8,0.1,0.3,88,6.3,9.0,8.7,36.9,3
2.6,3.8,0.2,3.2,77,6.5,2.9,17.0,46.0,2
2.4,1.6,2.9,2.4,94,4.7,9.0,6.6,2.1,5
2.1,3.4,0.4,0.4,94,3.7,1.3,10.7,19.8,5
0.9,0.8,0.2,1.2,87,3.0,6.6,9.7,49.8,2
0.7,2.7,1.5,2.1,88,4.1,5.5,19.1,36.6,2
0.9,3.9,3.0,2.9,64,5.5,4.9,22.1,0.0,5
0.7,0.4,0.9,0.2,85,2.3,3.1,17.5,8.2,5
3.1,0.0,1.5,0.8,89,2.7,5.0,8.5,11.1,5
1.4,1.7,0.1,3.1,86,3.3,1.6,10.8,7.7,5
0.2,0.4,1.6,0.0,82,5.4,3.7,3.6,15.1,5
3.9,3.0,2.0,0.7,90,7.8,1.0,4.2,36.2,4
3.5,3.7,2.0,3.4,93,10.3,5.7,4.1,8.2,5
3.7,1.7,1.2,2.1,7,3.4,1.0,3.3,0.0,5
4.0,1.0,1.1,0.9,81,2.2,1.6,4.5,13.5,5
0.7,1.7,0.4,0.2,97,4.5,0.9,5.1,41.5,4
1.6,2.9,1.3,0.1,80,10.7,3.8,2.8,0.3,5
3.0,0.0,0.3,0.9,16,0.1,8.4,16.0,0.0,5
2.8,2.4,2.7,3.1,79,8.1,9.1,24.8,30.3,2
0.6,2.5,3.4,1.5,87,5.7,0.7,22.0,4.8,5
3.3,2.6,3.4,2.5,93,1.9,6.3,1.1,23.3,5
0.9,1.0,3.0,3.2,92,3.9,6.8,10.6,21.8,5
0.9,2.9,2.1,1.4,14,2.7,5.3,21.5,0.0,5
2.1,0.4,2.5,0.7,27,10.5,6.7,3.4,0.0,5
2.4,0.8,1.0,1.8,72,5.8,2.3,21.2,32.0,3
2.3,3.5,2.2,3.2,85,6.8,4.9,14.8,47.6,2
0.4,3.0,1.6,2.8,78,7.1,3.9,23.3,49.1,1
3.5,0.1,1.7,0.2,95,7.7,0.9,21.9,32.7,3
1.1,1.0,2.7,2.4,84,5.9,6.3,16.9,26.1,3
0.5,0.9,1.0,2.0,76,0.2,5.0,16.4,30.4,3
3.6,1.1,1.1,3.2,2,4.0,2.8,5.3,0.0,5
3.8,1.0,3.2,0.4,18,2.2,4.7,2.9,0.0,5
3.4,0.3,0.2,1.9,78,8.2,7.8,10.4,35.3,3
3.2,1.8,1.7,3.1,56,0.7,8.0,4.7,0.0,5
2.6,2.9,3.2,1.4,72,6.8,6.5,2.6,2.9,5
2.2,2.4,2.1,1.7,77,2.5,4.7,7.6,2.2,5
0.3,2.7,1.9,0.2,52,11.4,5.8,21.5,0.0,5
1.6,0.3,0.9,1.0,6,4.0,3.9,0.4,0.0,5
1.5,3.8,1.2,1.1,94,3.9,1.3,7.3,20.8,5
1.0,3.4,3.0,3.3,98,11.1,3.9,10.6,10.7,5
2.9,3.2,2.0,1.0,82,5.0,5.3,12.8,31.5,3
2.0,3.3,1.8,1.6,96,11.6,6.0,4.5,10.6,5
0.3,3.7,0.3,2.3,78,0.3,9.4,24.1,9.4,4
0.9,2.2,0.1,0.6,28,3.7,7.8,14.5,0.0,5
2.7,0.8,3.4,1.7,94,8.0,1.5,13.1,44.4,2
0.3,2.5,1.3,2.6,11,10.7,1.7,0.2,0.0,5
3.4,3.0,2.1,3.0,73,3.1,1.0,12.1,20.7,5
2.0,3.0,0.3,2.2,90,11.2,7.4,20.9,28.9,2
1.9,2.1,2.4,2.3,35,7.1,7.1,5.5,0.0,5
2.4,0.3,3.3,0.4,99,9.6,9.9,8.8,17.7,5
3.3,1.5,2.0,3.3,49,4.8,5.2,0.5,0.0,5
1.4,3.7,0.4,0.5,86,2.5,8.3,24.4,28.6,2
2.7,2.3,2.0,2.7,45,10.9,5.8,1.7,0.0,5
2.3,2.2,2.7,0.9,87,11.2,8.7,22.5,33.7,2
1.1,1.1,1.4,3.3,92,6.0,7.2,7.8,12.7,5
3.5,1.5,3.1,2.5,79,0.1,6.4,14.7,39.0,2
3.2,3.6,2.3,2.6,100,1.3,5.7,17.0,12.8,5
2.6,2.7,3.1,0.8,76,6.9,7.2,3.5,7.5,5
3.4,3.1,2.2,1.6,73,0.3,4.2,11.1,17.5,5
3.5,1.8,0.5,2.2,92,4.8,1.0,8.1,29.9,5
2.8,2.5,1.1,2.7,79,3.6,0.4,1.4,7.1,5
3.3,1.0,0.7,0.4,37,8.6,4.8,20.8,0.0,5
2.8,2.8,3.2,3.4,98,0.7,6.0,1.1,43.2,3
2.7,1.7,2.7,3.1,99,5.9,0.8,16.3,14.7,5
2.5,1.8,2.4,0.9,87,6.9,2.9,7.9,22.5,5
3.0,2.6,1.1,2.9,72,7.4,3.2,4.8,11.4,5
0.6,3.7,0.6,1.8,75,4.9,5.6,16.7,18.1,5
3.5,0.3,2.6,1.6,86,3.7,2.8,14.4,1.1,5
3.5,3.3,1.7,1.1,17,8.2,1.0,7.9,0.0,5
0.1,1.2,0.8,2.0,8,10.2,1.6,12.8,0.0,5
3.3,1.8,2.2,2.6,97,8.3,1.7,6.2,39.4,3
0.5,0.1,0.1,1.4,75,11.2,8.4,21.6,7.1,5
1.3,1.2,1.1,2.2,91,8.6,2.8,7.8,40.6,3
3.0,2.0,1.6,2.4,79,9.2,7.1,6.1,43.0,2
0.6,0.2,0.5,2.5,99,2.0,5.7,18.8,35.8,3
3.3,2.0,3.4,0.2,84,5.0,9.8,0.4,45.2,3
3.3,3.7,0.7,3.0,80,5.8,2.7,6.7,8.4,5
2.0,0.4,0.5,1.6,33,3.1,1.6,9.4,0.0,5
0.0,3.1,0.7,0.9,2,6.3,0.5,22.1,0.0,5
1.1,1.6,2.7,0.8,80,3.5,2.4,23.8,29.8,3
2.5,2.6,1.5,1.7,97,8.3,6.8,17.9,43.1,2
3.9,1.0,2.0,3.1,98,5.6,0.9,12.3,10.8,5
2.5,0.6,0.1,1.3,95,5.5,2.4,16.0,8.8,5
1.0,0.6,0.1,2.6,51,11.8,8.6,10.4,0.0,5
2.5,0.3,1.6,0.3,80,4.7,5.8,7.5,44.6,3
2.2,0.7,2.9,1.7,92,4.3,0.7,23.8,47.1,2
3.1,2.7,3.1,3.5,83,3.8,0.5,2.9,28.5,5
0.4,3.5,0.3,2.7,70,10.7,0.6,8.7,25.1,5
3.0,3.3,1.9,0.7,70,6.0,9.4,22.5,30.3,2
2.2,2.7,3.2,1.8,53,7.2,8.5,18.1,0.0,5
3.9,0.4,1.4,0.8,76,2.2,8.4,0.7,8.5,5
1.4,1.2,2.9,1.4,0,6.5,9.2,0.6,0.0,5
2.5,1.2,0.5,2.7,94,3.3,5.1,12.9,22.6,5
3.7,1.0,3.3,2.7,97,8.8,2.5,12.1,25.9,4
0.4,2.1,2.6,0.8,87,10.0,4.0,11.1,1.5,5
3.7,2.1,3.3,3.2,88,8.6,7.2,7.6,38.2,2
2.8,1.4,2.4,2.1,70,8.8,8.8,24.7,41.8,1
0.3,1.4,1.3,1.3,81,6.1,4.4,6.8,31.0,5
1.2,3.3,3.3,1.8,80,8.5,5.4,12.3,37.4,2
2.8,3.2,1.0,2.1,81,5.1,9.3,10.1,26.1,3
0.3,1.2,1.2,2.0,35,7.8,1.1,4.3,0.0,5
2.3,3.7,2.5,1.7,97,3.1,8.6,5.1,19.7,5
1.4,3.8,2.7,1.8,73,0.8,1.6,23.0,39.6,2
2.5,1.3,3.3,0.6,90,5.0,4.8,21.5,23.4,3
0.2,1.4,0.7,2.8,73,5.5,2.2,5.0,34.0,5
3.5,2.0,2.8,1.9,79,3.1,6.0,21.9,31.1,2
3.9,3.8,2.6,0.5,81,8.7,5.6,5.2,35.1,3
3.9,3.5,0.2,2.7,73,0.9,3.8,15.7,39.3,2
3.0,0.4,1.4,3.3,81,2.7,8.6,2.0,25.6,5
0.5,1.6,1.0,3.3,93,9.0,6.6,22.0,40.7,2
3.0,2.2,1.1,1.3,57,5.2,7.2,1.3,0.0,5
0.1,2.0,3.4,0.5,97,8.5,1.5,13.9,47.8,2
0.1,0.8,2.2,1.8,98,6.8,8.8,19.5,37.6,2
1.3,3.4,2.5,0.4,75,11.4,1.7,2.9,8.6,5
2.0,2.7,3.4,3.3,84,7.2,2.2,10.1,41.5,2
3.1,3.4,1.3,0.6,75,0.2,1.3,1.0,27.6,5
2.7,3.4,2.8,0.9,89,4.2,4.4,17.1,49.2,1
1.8,3.0,1.5,1.4,54,1.7,8.9,7.7,0.0,5
1.1,1.8,3.0,1.3,76,11.1,2.5,14.0,4.2,5
4.0,2.4,0.6,2.8,84,1.2,3.7,23.3,19.7,3
1.7,0.6,3.3,1.6,70,4.7,8.5,7.6,25.9,5
1.8,2.7,0.8,0.6,86,2.7,6.2,1.2,42.0,3
0.7,0.7,1.1,0.9,26,10.2,7.5,16.9,0.0,5
3.2,2.8,2.6,1.8,97,3.7,2.1,19.7,18.5,4
2.8,0.9,1.4,0.5,89,11.9,7.2,23.9,32.7,2
0.9,0.5,2.1,2.1,91,0.5,2.3,3.9,28.8,5
0.3,0.7,1.6,2.0,73,1.5,9.9,9.8,6.3,5
2.7,0.0,2.6,2.5,83,2.7,5.6,21.1,11.7,5
2.6,2.9,0.8,3.3,87,9.7,7.0,20.2,17.1,4
1.1,2.9,0.2,3.2,36,10.5,1.2,15.6,0.0,5
3.8,2.1,1.0,3.3,1,0.9,2.5,6.7,0.0,5
0.6,0.6,1.7,0.9,93,0.4,1.4,7.1,2.9,5
1.7,0.3,0.6,0.5,28,8.9,3.9,3.1,0.0,5
3.8,0.1,1.2,1.1,81,1.6,2.8,23.0,14.4,5
1.7,0.7,1.4,3.1,86,1.6,7.3,4.3,14.5,5
2.6,3.6,0.2,3.4,92,0.3,1.1,14.3,10.3,5
1.6,1.0,2.0,3.0,73,0.6,7.5,14.6,23.8,4
1.1,1.4,3.1,0.4,82,3.2,0.5,9.2,25.7,5
3.9,0.4,0.5,3.3,94,0.8,2.0,8.8,10.4,5
1.6,0.9,2.1,1.5,74,4.4,7.9,16.7,30.4,3
3.6,2.1,2.3,0.0,95,10.0,7.4,9.7,36.1,3
0.9,2.4,1.5,1.5,61,3.9,4.8,6.4,0.0,5
0.9,1.0,2.5,0.2,46,8.7,0.5,10.0,0.0,5
0.1,0.2,1.4,1.9,95,1.1,6.1,20.2,25.1,3
2.6,1.6,1.8,1.2,87,7.9,4.1,24.2,9.8,5
1.5,0.9,0.0,1.7,75,3.8,3.2,15.9,36.5,3
3.5,0.9,2.4,2.1,87,9.0,6.4,19.6,40.1,2
1.9,3.8,2.3,3.0,64,1.6,4.4,13.3,0.0,5
3.9,2.5,0.1,2.3,96,10.8,0.9,15.6,16.2,5
0.7,2.2,1.3,1.5,98,2.9,9.2,24.7,46.3,0
3.5,1.7,3.4,2.9,96,4.2,7.8,11.0,22.8,4
3.1,1.7,1.5,3.2,66,11.4,0.6,1.7,0.0,5
3.1,2.2,1.8,0.4,26,6.9,5.3,23.9,0.0,5
3.4,2.8,3.2,1.9,97,4.4,0.8,19.8,34.6,2
3.0,2.8,2.5,1.0,83,11.4,8.4,10.0,42.3,2
2.5,0.7,2.0,0.2,83,3.9,6.1,24.6,17.8,4
0.5,2.0,2.8,2.3,27,1.1,1.7,8.6,0.0,5
0.1,1.6,3.0,3.0,97,12.0,0.2,9.3,31.3,5
3.7,3.5,1.6,0.6,72,3.2,0.3,15.2,46.1,2
2.5,2.5,1.7,2.8,52,10.2,5.1,6.9,0.0,5
3.2,2.1,1.4,3.0,78,2.0,7.3,17.5,40.2,2
1.9,0.5,3.4,3.2,97,8.8,1.2,3.8,23.8,5
0.5,2.4,2.4,0.9,78,6.3,2.2,2.7,40.0,4
0.5,0.5,0.3,3.2,74,11.8,3.3,13.4,25.3,5
2.7,1.3,3.0,1.1,79,6.6,2.2,13.9,18.9,5
1.7,0.6,1.7,1.9,70,0.3,3.9,2.7,34.8,5
0.8,2.8,0.2,0.2,85,7.2,5.6,24.1,45.0,2
2.0,0.8,1.9,0.2,97,1.7,6.8,14.3,16.0,5
0.3,1.6,1.5,2.5,85,9.6,9.6,3.8,23.0,5
2.3,3.6,3.1,1.6,90,10.3,9.3,7.8,11.5,5
1.1,0.8,0.7,0.9,79,5.8,5.7,20.0,9.2,5
3.2,2.0,2.9,0.7,91,9.4,7.3,13.1,38.9,2
1.2,1.7,2.0,2.3,70,1.7,9.5,4.7,10.0,5
1.8,0.1,0.2,0.0,73,5.9,0.8,2.6,39.7,5
0.0,3.2,3.4,2.8,81,4.7,0.1,10.8,21.5,5
0.3,0.3,1.8,0.3,0,7.3,0.3,8.4,0.0,5
1.6,1.9,1.0,0.7,81,0.5,5.6,16.4,9.9,5
1.9,2.2,1.6,1.4,81,9.0,7.6,23.1,4.6,5
2.4,2.5,3.0,1.7,99,0.9,3.7,6.2,3.8,5
1.2,2.8,1.1,1.2,31,7.9,5.5,21.4,0.0,5
2.8,1.0,0.7,1.1,99,0.2,5.2,23.0,21.9,3
3.4,0.0,0.5,3.4,73,10.0,0.9,22.6,0.2,5
3.1,2.9,1.0,2.2,82,2.1,3.2,23.8,43.7,1
0.2,2.1,2.7,0.1,78,6.2,0.2,21.1,43.8,2
1.9,3.3,1.7,1.5,30,3.1,1.1,14.8,0.0,5
0.4,3.3,0.8,3.1,14,8.7,8.1,10.2,0.0,5
1.0,3.4,0.6,1.1,65,3.9,8.3,12.3,0.0,5
3.9,1.9,1.2,0.3,66,8.7,8.0,21.8,0.0,5
0.6,1.3,3.3,2.7,77,3.4,7.3,7.5,24.5,5
2.0,3.2,1.2,2.1,9,9.0,7.9,4.0,0.0,5
2.5,1.8,3.5,2.0,76,0.4,6.7,3.5,12.1,5
2.8,0.7,1.7,0.2,18,3.4,6.7,20.7,0.0,5
2.2,3.4,0.6,0.5,27,6.0,6.7,19.0,0.0,5
0.0,3.5,3.1,2.2,99,0.5,5.1,12.4,36.3,3
1.3,1.9,1.6,0.7,76,2.2,3.6,6.9,23.9,5
2.1,0.3,2.5,1.8,82,11.2,7.3,16.9,37.4,2
0.4,1.6,3.4,1.9,83,11.7,3.0,1.0,33.1,5
1.4,3.2,0.2,1.0,70,8.9,5.4,14.2,22.0,5
0.1,3.6,0.3,3.3,96,3.0,4.3,10.0,17.7,5
0.3,0.8,2.5,2.9,83,3.1,2.8,24.4,37.7,2
1.6,0.3,1.0,2.5,97,7.7,9.7,12.7,16.2,5
0.5,3.5,0.6,0.3,31,1.4,2.6,13.8,0.0,5
2.3,1.6,0.1,0.4,85,11.4,3.1,17.8,34.0,3
2.8,2.2,0.1,1.7,73,2.7,1.6,12.1,28.9,5
3.2,3.9,2.7,0.6,78,12.0,8.2,5.6,18.4,5
0.8,0.3,0.5,3.4,16,5.9,5.9,13.4,0.0,5
0.7,2.6,1.6,0.6,14,9.3,6.1,23.6,0.0,5
0.4,0.3,2.1,1.7,63,0.0,8.2,10.2,0.0,5
2.5,1.5,1.5,1.3,20,10.7,3.4,17.0,0.0,5
2.8,3.2,0.1,2.2,75,3.2,1.9,24.5,48.9,1
0.1,1.7,2.7,0.5,87,8.0,2.0,20.7,6.5,5
3.7,4.0,0.0,1.5,86,9.7,7.3,16.5,5.2,5
0.2,2.2,2.7,1.0,17,2.0,6.1,18.4,0.0,5
2.2,1.3,3.1,3.1,74,5.3,2.1,23.4,48.2,1
2.8,0.9,1.5,0.1,81,5.9,1.5,24.0,20.0,4
3.5,1.4,1.9,3.2,87,3.7,1.2,24.2,18.2,4
2.9,1.5,1.7,2.9,88,5.8,6.3,15.6,35.2,2
3.2,0.3,1.4,1.0,100,3.8,0.0,9.6,8.9,5
1.4,1.5,3.1,2.8,82,4.3,0.2,3.3,18.2,5
3.3,1.9,3.1,0.1,89,8.0,3.9,9.6,14.6,5
0.3,2.9,1.2,3.4,84,7.6,6.9,23.6,30.1,2
3.6,2.6,2.2,1.8,100,2.8,7.0,22.2,8.1,5
2.2,2.8,3.2,1.1,77,10.8,4.3,13.1,27.4,4
3.3,0.0,3.4,1.3,81,10.4,6.9,13.4,42.9,2
1.8,0.9,1.8,0.2,60,6.1,5.2,7.7,0.0,5
2.6,2.6,1.6,3.5,74,5.2,9.8,11.4,34.2,2
2.1,1.9,1.0,0.1,74,4.5,1.6,17.9,3.8,5
2.9,0.0,3.4,2.3,73,8.5,6.0,10.1,22.5,5
0.3,3.2,0.5,1.5,13,8.1,4.9,4.7,0.0,5
0.2,3.1,2.0,3.3,75,2.4,1.9,13.5,30.0,4
1.0,2.2,1.0,0.9,80,8.1,7.5,5.6,14.1,5
0.6,0.3,1.0,1.9,99,3.0,2.8,24.4,14.4,5
3.5,3.1,1.4,1.7,92,0.2,3.8,9.8,3.8,5
0.9,2.3,3.5,2.5,93,8.4,3.7,22.7,15.5,4
3.9,3.1,0.2,0.2,7,7.7,2.4,5.6,0.0,5
1.3,3.0,2.0,0.7,79,4.9,4.3,4.7,29.2,5
0.7,3.2,0.3,0.8,76,6.3,4.7,15.4,3.3,5
3.2,2.1,0.5,2.6,99,11.4,7.4,19.5,32.6,2
2.6,0.6,1.5,0.7,87,7.1,7.7,14.2,24.4,4
2.0,2.7,1.8,2.0,66,7.9,1.6,5.7,0.0,5
2.2,2.5,0.9,0.8,96,0.8,5.9,0.9,41.6,3
2.9,3.0,1.1,3.0,59,2.0,9.0,15.5,0.0,5
0.9,0.7,0.3,3.3,73,3.6,1.1,3.3,8.7,5
4.0,0.8,1.1,1.8,43,6.5,4.7,8.6,0.0,5
3.9,3.6,3.4,1.2,87,9.3,7.5,16.9,47.3,1
2.6,3.0,3.3,0.8,71,3.9,6.1,2.5,25.9,5
0.8,3.6,1.2,0.2,99,4.3,1.0,3.2,41.6,4
2.7,3.0,2.0,0.9,97,3.1,4.0,1.5,37.9,4
0.3,2.4,3.2,2.3,55,3.1,5.1,24.9,0.0,5
0.1,2.6,0.0,1.9,72,11.4,10.0,9.7,32.4,3
1.0,3.6,2.8,3.3,74,7.6,1.8,22.6,20.3,3
1.9,2.3,3.3,1.4,28,1.9,9.8,7.3,0.0,5
3.5,2.5,0.3,2.4,89,8.7,3.8,18.8,25.4,3
2.9,0.6,0.6,1.7,59,8.7,2.0,5.5,0.0,5
3.0,1.9,3.4,1.8,85,8.0,4.1,12.5,20.5,5
1.7,2.9,1.9,0.9,32,1.6,6.1,20.6,0.0,5
1.4,1.1,0.0,1.6,77,4.9,2.1,20.4,39.4,2
1.5,0.8,0.9,1.6,82,1.3,2.9,19.9,34.2,3
4.0,1.3,1.6,2.5,34,9.8,8.5,20.6,0.0,5
0.2,1.0,2.4,3.3,4,7.9,10.0,5.3,0.0,5
3.5,0.9,2.6,1.2,67,6.1,3.2,12.1,0.0,5
2.3,1.7,3.5,0.1,37,4.1,1.5,12.1,0.0,5
1.8,3.6,1.0,1.7,58,2.2,7.9,22.3,0.0,5
2.9,2.0,1.9,1.9,99,1.3,6.0,7.4,3.4,5
1.9,0.8,1.9,0.6,65,11.6,1.0,23.3,0.0,5
3.5,0.3,1.4,2.7,40,2.4,9.5,11.3,0.0,5
3.6,2.8,0.6,3.4,70,0.7,0.8,16.7,44.9,2
1.7,1.5,3.4,3.3,87,11.5,6.3,6.7,38.7,3
1.1,3.3,3.0,0.7,17,6.6,4.2,10.3,0.0,5
2.4,2.6,1.7,3.1,72,9.6,5.6,17.7,10.7,5
3.6,3.2,2.1,2.5,44,0.5,2.1,12.8,0.0,5
0.8,1.1,0.8,1.6,88,6.8,6.9,23.3,4.7,5
2.5,2.8,1.9,1.9,11,4.8,9.6,18.4,0.0,5
2.5,1.1,2.4,3.0,95,9.3,4.6,14.1,15.5,5
2.9,3.8,1.8,1.7,23,0.5,5.2,22.2,0.0,5
0.5,2.5,3.5,1.3,73,4.8,2.4,16.6,1.2,5
2.9,1.3,2.1,1.7,83,9.6,8.9,16.2,45.2,2
3.6,1.1,1.3,2.0,12,6.3,9.7,6.2,0.0,5
0.7,0.8,2.7,0.7,94,6.6,7.9,9.9,18.8,5
1.0,2.8,0.6,3.2,74,1.2,5.4,17.1,4.1,5
3.9,0.9,1.3,2.4,76,1.6,9.6,22.3,38.4,2
0.7,2.4,1.2,2.2,97,8.1,1.5,7.9,7.1,5
3.4,1.1,1.5,0.3,85,8.1,4.8,5.4,44.2,3
2.0,2.6,2.7,2.1,84,11.7,5.4,14.8,26.5,3
1.0,3.3,1.7,0.4,85,8.5,4.9,1.7,47.4,3
3.5,3.1,2.8,0.3,86,5.9,8.0,17.9,14.5,4
1.8,3.0,2.0,1.8,70,10.3,6.7,17.6,22.7,3
2.1,0.8,1.2,1.4,89,1.3,1.3,8.9,34.7,4
1.4,0.4,2.8,2.1,94,5.4,3.5,22.3,41.6,2
2.4,2.8,0.8,0.3,54,3.4,3.4,12.6,0.0,5
0.7,1.5,0.8,1.5,70,1.3,5.7,16.1,44.6,2
1.6,1.7,1.8,0.6,12,9.2,2.9,5.2,0.0,5
3.9,0.1,0.9,3.5,71,6.1,1.2,10.4,35.4,3
1.0,1.0,0.0,2.0,35,6.7,6.5,21.6,0.0,5
2.6,0.1,2.3,2.4,79,4.9,8.5,5.3,5.1,5
1.3,3.5,1.8,1.1,96,5.5,9.3,9.8,19.3,5
3.1,1.0,1.6,0.3,82,1.4,9.7,8.0,44.0,2
0.5,2.2,3.4,3.4,97,8.1,7.8,3.8,49.0,2
3.9,0.2,2.0,1.0,76,5.2,1.4,7.2,19.6,5
1.8,2.7,3.0,1.5,82,9.8,8.5,5.8,44.3,2
0.9,1.3,0.5,2.3,89,2.4,4.0,23.1,25.5,3
0.3,3.6,2.0,0.1,77,2.5,7.3,18.5,35.9,2
0.7,3.6,3.0,2.8,16,7.7,5.3,7.9,0.0,5
2.1,1.3,2.0,1.9,88,10.2,8.3,19.1,27.9,3
1.3,3.6,2.5,1.0,85,5.7,4.3,0.6,3.5,5
3.3,4.0,1.3,0.2,84,8.7,0.6,13.2,13.4,5
1.7,3.3,0.3,0.6,88,12.0,5.6,6.3,28.3,5
1.0,3.4,1.6,3.1,96,11.9,1.7,2.9,40.4,4
2.5,1.0,1.4,2.4,79,8.9,9.7,22.1,28.0,2
2.8,2.3,3.0,0.9,91,8.9,5.3,5.0,46.8,2
0.7,0.3,0.9,0.2,77,3.0,5.5,20.6,40.5,2
0.7,0.4,3.4,2.4,93,10.0,9.1,10.3,7.8,5
0.1,4.0,3.4,2.0,95,4.9,6.2,0.4,19.4,5
2.9,1.3,0.9,1.4,77,11.5,3.0,18.3,33.4,3
2.7,3.0,1.2,1.3,25,1.0,3.0,14.9,0.0,5
1.9,3.2,3.1,0.8,75,5.2,5.0,8.6,49.4,2
3.4,3.4,3.4,2.3,74,6.7,8.7,7.0,38.2,2
3.2,4.0,1.6,3.4,90,4.9,7.9,1.8,28.7,4
2.3,1.0,1.1,0.6,75,2.5,9.6,23.5,37.8,2
3.5,0.2,1.8,2.1,82,7.1,0.7,12.3,13.7,5
0.8,1.6,2.4,1.5,100,9.1,2.7,2.1,14.2,5
0.4,0.5,1.0,1.6,22,7.7,0.8,21.7,0.0,5
1.1,0.1,2.6,0.9,80,2.8,7.5,7.0,43.6,3
0.2,1.4,0.2,2.9,75,8.8,1.4,5.1,48.5,3
2.1,3.1,0.2,1.7,28,3.1,1.0,7.0,0.0,5
3.7,2.3,1.4,1.9,74,2.1,5.6,14.1,39.8,2
0.2,1.3,1.2,1.1,41,8.3,4.1,1.9,0.0,5
0.5,2.6,1.1,0.6,96,10.1,7.2,12.0,31.2,3
1.8,0.9,1.7,0.3,84,5.8,4.9,22.4,17.4,5
3.7,0.1,1.1,2.5,75,6.4,4.3,4.7,31.0,5
1.3,3.1,0.7,0.7,92,3.6,4.3,8.3,29.2,5
2.0,2.5,1.1,2.4,90,5.9,8.7,9.9,30.3,3
0.2,3.0,3.4,1.4,78,1.6,4.0,14.7,31.0,3
0.6,0.2,1.4,1.5,69,11.5,3.3,23.0,0.0,5
3.9,3.3,1.6,1.6,91,9.6,3.4,9.9,8.5,5
3.9,2.5,2.0,1.3,71,8.0,2.0,1.7,18.4,5
0.0,2.3,3.4,0.4,73,6.5,8.6,8.7,29.3,4
3.8,2.5,0.8,1.1,86,9.5,1.5,4.8,14.2,5
2.6,3.5,2.4,2.3,7,5.9,9.1,16.3,0.0,5
3.5,2.3,2.5,2.3,93,3.6,2.8,0.7,13.2,5
1.8,2.3,2.1,1.0,79,1.9,9.0,7.3,23.5,5
2.1,4.0,0.3,1.6,92,7.8,7.9,13.6,43.9,2
2.0,3.0,2.4,0.7,81,11.2,5.8,6.9,4.0,5
2.7,1.8,0.2,0.7,94,1.8,6.7,13.8,41.0,2
0.6,2.8,2.1,0.1,80,2.2,3.3,2.9,28.6,5
0.1,1.6,2.6,3.1,82,5.2,5.7,23.6,1.6,5
1.2,0.9,0.7,0.7,79,9.7,2.9,7.3,45.1,3
2.8,2.4,2.9,0.8,75,3.5,4.0,23.1,2.0,5
0.8,3.7,0.1,1.0,76,3.0,7.6,8.1,25.8,5
2.7,3.7,3.0,0.4,82,7.4,2.4,19.5,2.5,5
3.9,1.4,1.6,2.2,91,6.4,8.4,6.2,3.6,5
0.4,2.1,0.8,0.3,11,0.7,3.8,16.7,0.0,5
2.7,0.8,0.5,0.5,56,1.0,5.3,8.1,0.0,5
1.8,4.0,3.3,2.3,82,7.7,9.4,12.7,9.8,5
3.5,3.9,0.3,1.2,6,5.6,6.8,16.8,0.0,5
0.7,2.6,0.7,2.5,52,11.7,6.5,14.7,0.0,5
2.8,3.2,1.2,2.0,84,8.1,7.1,14.4,44.5,2
3.4,2.9,2.2,0.9,97,0.1,9.2,1.6,23.4,5
3.8,2.4,1.9,2.3,30,5.8,2.5,6.2,0.0,5
2.7,0.2,0.4,0.4,98,5.0,6.1,14.3,25.4,4
2.0,1.8,1.0,1.9,13,1.3,4.0,0.5,0.0,5
2.5,2.7,0.8,1.5,28,11.1,0.1,6.3,0.0,5
3.5,2.7,0.7,0.9,88,9.7,1.3,5.7,11.8,5
2.3,1.5,1.4,2.1,73,2.8,3.2,6.2,8.4,5
0.1,3.8,2.5,3.0,5,3.1,5.6,13.4,0.0,5
3.7,0.7,0.8,3.5,73,0.4,8.8,14.5,8.2,5
2.8,2.0,1.3,2.1,93,3.6,7.9,22.7,14.2,4
2.7,2.8,1.4,1.4,98,7.0,5.5,9.7,37.1,3
0.9,2.8,3.4,0.8,62,5.1,0.7,23.2,0.0,5
2.6,2.6,3.3,0.9,76,11.6,2.9,16.3,18.8,5
1.6,1.1,2.8,1.7,81,0.7,3.7,22.8,18.4,4
2.6,0.6,0.8,1.3,74,7.1,6.2,20.8,9.7,5
0.4,2.5,0.2,3.2,71,10.3,0.6,17.2,22.4,5
2.6,2.4,1.1,1.3,86,5.8,5.3,8.9,31.2,4
4.0,0.7,0.9,1.3,97,0.0,9.0,6.0,7.0,5
0.2,2.8,1.8,1.3,93,2.9,7.1,5.6,48.6,2
3.9,1.8,2.7,2.9,81,3.9,8.0,23.8,22.2,2
1.6,2.7,3.0,2.3,96,11.6,6.8,24.0,47.4,0
3.5,3.3,3.0,2.1,95,10.9,2.1,18.1,6.7,5
3.1,0.7,1.3,1.2,85,11.4,1.1,22.1,38.4,2
2.3,0.1,2.4,2.9,98,9.9,8.3,23.0,30.9,2
3.0,3.1,1.1,0.1,72,4.2,7.0,12.8,41.0,2
3.5,2.4,0.2,3.0,74,10.9,5.8,15.7,30.0,3
1.6,2.8,2.5,1.8,81,11.8,1.9,10.5,48.1,2
1.3,3.4,0.0,1.4,75,4.2,6.0,10.5,31.3,4
2.7,3.2,1.4,1.7,31,3.1,0.3,1.0,0.0,5
3.2,3.8,1.2,2.3,84,6.6,1.2,10.8,43.9,2
3.0,2.1,2.4,0.0,90,2.2,3.1,16.8,35.7,3
3.2,2.0,2.7,3.1,97,0.4,4.4,10.5,26.2,4
1.7,1.6,1.1,1.6,90,11.3,1.2,21.8,13.6,5
3.3,0.6,2.8,1.2,82,11.1,1.2,8.3,42.7,3
0.5,2.3,1.0,0.5,99,2.0,7.3,3.3,24.0,5
2.2,1.1,1.6,1.5,98,4.9,5.7,20.3,31.0,3
0.0,3.7,2.5,1.7,92,10.0,5.3,16.8,4.0,5
1.3,2.3,2.4,1.4,72,7.9,4.5,6.0,24.9,5
1.5,2.4,3.5,2.4,89,4.7,9.8,13.4,34.9,2
1.6,1.4,0.8,1.5,70,8.9,0.5,10.0,29.2,5
2.8,0.2,2.3,3.4,94,10.8,1.8,23.5,22.4,3
1.6,0.1,2.1,2.1,79,11.1,6.5,15.2,11.2,5
1.8,1.7,3.2,2.8,95,4.5,1.4,4.0,15.5,5
1.0,0.3,0.5,0.4,78,2.1,5.9,12.6,35.0,3
1.5,2.4,2.6,1.4,72,11.0,5.7,21.6,11.2,5
0.9,3.5,2.0,1.2,67,1.1,9.7,16.8,0.0,5
0.3,3.5,1.0,2.0,76,8.7,8.8,21.1,29.5,2
2.4,2.6,1.7,3.0,89,1.7,9.5,6.3,48.5,2
2.7,0.8,1.2,0.3,52,4.7,1.1,22.2,0.0,5
2.5,3.5,2.0,0.3,98,4.9,8.7,18.9,5.4,5
1.9,3.5,3.1,3.0,95,1.9,1.3,18.2,25.3,3
1.5,0.8,2.0,0.7,87,11.1,6.3,8.7,26.4,5
3.5,2.9,2.2,2.3,91,0.0,7.2,22.2,2.0,5
2.1,1.1,1.8,1.9,70,10.7,1.6,15.9,41.3,2
1.9,3.2,0.2,2.9,84,10.6,6.3,21.3,24.7,3
0.1,4.0,0.8,0.4,94,3.8,0.5,9.0,17.3,5
1.4,0.1,1.7,0.5,61,8.5,2.9,3.6,0.0,5
1.5,3.6,1.1,1.9,3,3.0,9.2,8.3,0.0,5
1.6,2.5,0.6,3.3,95,9.1,1.7,11.4,9.8,5
2.3,3.9,1.8,1.5,83,6.7,0.7,13.3,8.0,5
2.1,1.9,1.1,1.1,87,3.6,4.4,12.8,10.7,5
2.4,3.4,0.9,2.1,83,4.8,8.5,13.7,31.3,3
3.1,0.2,1.6,3.3,56,8.3,0.8,21.0,0.0,5
3.3,1.3,0.5,2.9,95,10.9,3.6,4.3,16.5,5
2.9,0.3,3.2,3.5,97,1.6,9.0,7.9,8.7,5
3.8,3.9,3.0,0.1,82,6.9,1.2,22.2,10.5,5
0.1,3.3,2.5,0.4,33,3.0,3.1,14.0,0.0,5
0.8,3.4,0.4,2.1,20,9.6,7.8,14.6,0.0,5
0.0,3.8,2.7,2.9,89,0.8,5.4,12.0,43.9,2
2.6,0.3,2.8,1.0,51,8.3,8.3,13.7,0.0,5
3.6,1.5,2.7,0.8,71,2.1,1.1,5.0,1.6,5
1.0,0.3,0.4,2.8,93,7.2,9.2,13.7,4.4,5
3.7,0.8,2.3,0.2,77,10.0,9.3,24.9,42.3,1
0.2,0.9,2.9,1.3,78,9.1,1.6,14.2,32.6,4
3.7,1.9,2.0,1.8,83,9.0,0.3,1.1,47.9,3
1.4,1.1,2.3,2.0,93,6.2,9.9,19.9,16.8,4
0.4,0.4,1.6,2.6,90,10.7,4.8,9.9,10.6,5
1.9,0.7,1.9,1.2,100,7.1,5.7,3.8,28.1,5
1.0,0.6,0.1,2.1,73,11.0,6.2,21.6,26.9,3
1.1,3.9,2.2,2.0,95,6.6,7.9,4.9,29.6,4
1.2,3.0,0.3,1.9,72,6.1,8.1,23.0,17.4,3
3.2,3.9,1.5,2.2,74,2.7,1.9,11.0,0.3,5
2.2,1.8,1.0,0.9,79,6.5,2.4,18.6,1.8,5
1.2,1.1,1.9,0.3,88,1.7,8.8,13.7,33.2,3
2.4,3.2,0.5,0.4,87,10.4,8.2,6.4,26.2,5
2.9,1.3,2.4,0.8,97,8.1,6.2,16.8,41.1,2
1.1,1.2,2.8,1.8,78,11.9,9.9,23.9,15.0,3
1.7,0.9,0.6,2.9,77,1.1,7.4,19.2,40.8,2
0.5,0.5,0.4,2.5,94,2.9,2.2,15.1,21.3,5
0.7,1.0,0.5,2.8,46,10.5,8.5,24.8,0.0,5
2.7,1.4,3.1,1.2,83,4.7,4.1,6.6,48.9,2
0.7,2.7,1.8,1.4,77,5.6,0.4,1.6,25.6,5
2.1,0.3,1.6,1.4,91,10.3,3.2,0.8,31.5,5
2.8,0.8,0.4,0.7,84,6.3,7.6,17.8,33.5,3
0.4,3.2,2.3,0.2,84,2.3,9.6,20.8,18.1,3
2.3,0.6,3.0,2.1,89,10.7,2.8,15.9,37.4,3
1.0,1.4,2.9,3.5,78,0.4,2.5,22.6,43.5,2
3.9,3.5,2.2,0.6,3,10.7,5.6,17.4,0.0,5
1.9,0.6,0.3,0.2,88,0.6,8.1,9.3,32.9,4
3.2,0.3,0.4,2.7,98,8.0,7.5,4.5,37.9,3
2.2,1.9,0.2,0.9,75,0.9,5.6,23.1,9.5,5
0.2,1.2,0.9,2.9,92,8.5,6.3,2.6,16.6,5
2.5,2.3,0.5,2.5,85,0.4,2.4,13.6,5.4,5
3.8,3.2,0.9,3.3,72,10.1,4.3,7.9,30.1,4
2.4,0.5,1.3,1.4,78,5.6,2.6,6.8,40.0,3
3.3,2.3,3.3,2.3,74,1.1,8.8,16.1,30.5,2
3.5,2.0,2.1,1.6,69,8.5,1.1,5.8,0.0,5
0.9,0.6,2.9,2.2,76,5.9,6.8,22.9,27.3,3
0.8,2.5,2.5,1.6,94,2.3,2.6,10.2,41.7,3
2.4,1.1,0.4,0.7,95,0.2,4.8,16.9,15.1,5
1.6,2.0,2.6,1.8,71,5.0,3.0,18.2,41.6,2
3.4,0.3,1.0,1.9,75,1.0,3.2,17.1,39.2,2
3.6,1.8,2.2,2.8,44,1.1,2.6,22.6,0.0,5
1.4,1.2,1.2,2.6,99,3.2,7.5,5.8,12.0,5
0.9,3.3,3.5,2.3,0,7.6,3.7,2.2,0.0,5
3.1,0.2,0.9,0.4,92,6.4,7.3,1.4,35.9,5
1.1,1.7,1.0,2.5,94,0.8,4.6,21.9,44.0,2
3.3,1.8,3.3,1.8,91,11.6,5.5,24.3,32.1,2
1.7,2.9,0.1,3.1,75,10.6,5.4,7.6,19.0,5
2.7,2.3,2.4,3.2,76,3.1,9.8,17.3,9.2,5
0.4,2.7,2.5,0.2,72,1.5,3.7,0.2,38.0,5
2.5,3.1,2.9,2.9,72,11.3,2.1,4.7,10.3,5
1.8,3.4,3.4,0.1,87,5.5,9.1,17.2,34.8,2
2.3,1.3,3.4,1.3,95,3.7,1.7,1.6,9.1,5
0.7,2.2,0.2,1.9,85,5.9,8.3,11.7,4.6,5
2.9,3.4,2.9,0.5,56,9.3,1.5,16.6,0.0,5
3.5,4.0,2.3,2.6,81,2.0,6.6,19.1,14.2,4
0.9,3.6,2.3,0.0,96,9.2,1.5,11.3,32.4,4
0.4,1.5,0.4,0.6,54,9.0,9.2,15.8,0.0,5
0.1,0.8,2.3,2.0,79,6.5,5.7,13.5,46.5,2
2.6,2.0,3.4,2.5,84,10.4,3.3,1.3,27.7,5
2.4,3.0,3.2,3.2,75,1.6,1.4,18.6,24.5,3
2.2,2.0,1.5,2.5,91,7.1,3.7,4.3,21.7,5
0.9,1.9,0.1,2.4,76,5.4,7.1,0.8,28.3,5
1.6,3.4,1.3,1.4,78,5.1,3.8,11.3,1.1,5
2.4,1.4,2.9,0.0,84,3.0,2.5,21.6,49.5,1
2.0,3.4,2.5,0.4,12,4.5,5.8,3.8,0.0,5
4.0,1.6,1.6,1.9,98,1.3,4.2,0.3,1.8,5
0.5,1.3,0.2,2.4,99,3.0,1.7,2.7,29.5,5
2.8,1.8,1.5,1.5,27,3.3,1.5,9.1,0.0,5
1.6,3.0,1.6,2.6,77,8.6,7.1,14.5,1.2,5
1.7,0.5,3.2,1.8,73,0.6,9.7,4.8,46.2,2
2.9,0.8,2.2,0.3,76,7.8,2.3,20.0,0.5,5
2.8,3.8,1.1,0.7,95,2.7,7.7,18.8,28.9,3
4.0,0.7,1.8,2.9,82,1.0,0.9,17.4,48.1,2
0.5,2.3,0.2,2.5,89,3.6,3.8,12.2,11.9,5
0.4,2.3,3.4,3.1,83,2.7,5.1,9.1,12.7,5
2.9,2.0,1.3,0.4,84,6.6,2.7,9.4,0.0,5
2.3,2.6,1.7,3.5,93,4.3,5.3,12.6,3.3,5
1.1,0.9,1.2,0.7,98,11.6,8.8,1.9,2.2,5
0.3,2.2,2.4,0.0,95,11.6,9.4,17.1,41.1,2
0.3,1.5,2.3,3.5,98,5.3,1.0,8.8,41.8,3
3.6,2.6,2.5,1.0,89,9.5,2.7,5.6,36.3,4
0.8,0.6,0.9,2.3,87,0.2,9.8,7.0,17.6,5
1.3,2.3,1.1,0.6,74,6.6,2.7,4.5,41.1,4
0.9,0.7,0.4,2.0,97,8.9,6.9,22.5,27.0,3
1.4,1.1,2.3,3.2,100,2.6,2.5,4.2,15.2,5
0.3,0.9,0.1,1.1,71,0.7,3.6,22.1,21.9,4
2.1,0.7,2.1,2.3,86,1.9,1.9,14.3,3.3,5
0.3,3.3,3.0,0.7,70,5.3,8.6,21.7,47.2,0
3.2,1.1,3.1,2.2,76,6.1,8.8,11.9,31.0,3
0.9,3.7,1.6,1.2,82,4.6,3.0,23.2,36.6,2
2.2,3.9,1.6,0.7,79,5.3,8.2,5.3,33.8,3
3.5,2.3,0.3,1.1,77,5.6,3.6,13.9,33.4,3
2.6,0.6,2.3,0.6,83,9.2,1.0,3.1,0.9,5
2.1,1.5,2.9,3.2,77,1.3,7.6,11.2,26.3,3
1.3,3.2,0.9,1.4,87,9.2,6.0,14.2,41.1,2
1.3,1.5,1.5,0.9,98,8.3,2.7,15.1,2.2,5
2.7,0.3,2.9,1.6,79,8.9,2.5,9.1,47.8,2
4.0,2.2,3.1,1.1,94,8.8,9.8,1.9,21.2,5
2.6,3.4,0.9,2.6,86,5.6,8.6,16.4,14.5,5
2.2,3.2,1.9,3.4,96,2.5,8.1,12.2,26.6,3
2.9,0.7,0.7,1.5,95,6.4,1.3,3.4,40.1,4
1.9,2.7,0.4,3.0,100,11.5,7.6,23.4,23.7,3
0.2,0.9,3.2,2.0,49,7.1,2.1,23.9,0.0,5
2.2,0.9,2.9,0.6,81,0.1,9.8,21.4,25.0,3
3.8,3.5,2.7,2.4,74,0.7,0.5,21.1,31.6,2
0.7,1.0,0.2,1.8,77,11.9,3.5,2.5,6.9,5
2.8,1.1,3.0,2.3,44,0.9,4.3,24.8,0.0,5
0.8,0.0,1.5,3.1,83,0.6,8.2,10.0,6.8,5
2.1,3.5,1.2,1.5,23,4.2,7.7,4.1,0.0,5
0.4,3.2,1.9,3.2,70,11.6,3.7,20.3,12.7,5
1.8,2.5,0.3,2.6,76,3.8,5.7,5.6,30.8,5
3.0,3.0,2.6,1.7,86,4.9,8.4,13.2,22.8,3
1.4,0.6,2.0,2.1,69,7.6,0.2,3.2,0.0,5
2.7,1.8,0.7,1.1,95,0.3,8.0,11.9,1.7,5
3.2,1.4,0.7,3.4,73,10.8,9.5,14.0,4.5,5
3.7,0.4,0.6,2.3,92,6.2,0.3,11.1,17.7,5
0.9,1.9,0.2,0.2,76,5.6,0.5,1.7,0.3,5
1.6,3.7,2.1,1.1,98,10.3,3.4,12.1,24.7,5
0.6,0.2,2.9,2.2,100,11.4,0.9,11.7,18.0,5
4.0,1.2,0.1,0.2,100,5.1,4.8,6.5,27.8,5
3.7,0.8,0.2,0.1,90,2.1,7.3,23.0,36.0,2
2.2,1.0,2.0,1.6,8,9.8,5.7,10.4,0.0,5
3.4,3.6,2.9,1.2,33,4.8,2.0,21.6,0.0,5
2.1,1.9,1.1,1.5,89,11.2,6.5,2.7,13.9,5
2.5,1.9,1.2,0.9,74,11.4,6.8,8.0,0.1,5
0.4,3.0,2.1,0.6,78,1.4,9.3,4.4,6.0,5
3.0,0.6,1.0,2.4,82,11.5,1.5,10.2,37.5,3
0.5,1.9,0.1,1.8,96,4.4,6.9,2.8,11.1,5
3.3,1.7,2.6,0.7,80,7.8,9.1,11.0,49.7,2
3.1,2.4,2.2,1.1,89,0.4,5.0,8.8,8.4,5
2.8,4.0,2.0,2.1,83,10.7,3.6,5.6,39.4,3
0.1,3.1,2.6,0.3,33,7.7,1.7,16.1,0.0,5
1.2,1.6,2.4,0.5,6,7.7,8.7,23.8,0.0,5
1.1,3.3,0.7,0.3,89,10.8,3.9,5.2,16.5,5
1.4,0.7,1.2,2.8,93,6.1,9.2,17.8,28.2,3
0.4,0.1,0.4,2.6,85,4.9,8.5,18.6,42.6,2
3.7,0.8,0.5,2.6,83,10.4,3.8,12.5,19.3,5
2.2,1.4,2.4,2.5,2,8.9,5.7,22.4,0.0,5
1.2,2.0,3.0,2.3,49,11.4,0.3,24.2,0.0,5
1.6,2.5,3.4,1.7,96,11.3,2.6,9.1,10.4,5
1.8,3.6,2.2,2.2,81,4.6,7.1,16.3,47.0,1
2.4,2.0,0.6,0.1,100,5.4,6.8,16.6,34.9,3
2.1,2.0,0.4,2.2,5,3.1,3.5,10.1,0.0,5
3.7,0.2,2.8,2.7,79,7.9,8.1,7.9,14.6,5
2.0,0.1,2.0,1.8,94,4.4,2.4,23.3,2.5,5
4.0,2.2,2.2,1.3,96,9.4,4.6,19.7,41.5,2
3.4,1.8,2.7,1.0,94,1.5,4.7,2.9,45.3,3
0.8,3.4,2.5,2.2,78,1.4,3.4,3.0,5.6,5
3.7,0.6,2.9,2.4,85,2.5,9.5,23.1,22.0,3
0.5,0.1,0.2,3.0,76,1.0,7.0,2.0,46.6,3
3.3,1.8,2.6,1.2,72,7.4,5.4,17.2,7.3,5
1.5,0.9,3.0,2.7,93,1.8,5.1,5.7,14.6,5
3.5,0.2,1.0,2.0,72,1.9,1.6,0.9,15.2,5
3.5,2.9,2.2,3.1,88,0.2,3.7,1.5,1.5,5
3.2,0.4,1.1,1.8,71,9.4,6.7,9.3,1.8,5
3.2,2.4,3.4,1.8,100,9.7,9.2,1.9,47.6,2
1.2,1.1,0.1,2.0,94,1.9,8.2,14.9,28.6,3
0.3,0.7,2.0,2.6,85,8.9,3.0,16.2,15.3,5
1.6,1.5,0.6,3.4,2,5.2,4.3,9.3,0.0,5
0.7,3.2,2.5,0.3,18,2.9,0.8,18.6,0.0,5
2.8,1.6,0.6,0.2,77,7.5,1.0,12.3,18.3,5
1.4,3.0,0.8,3.3,75,2.1,4.7,10.8,11.4,5
3.9,0.5,1.7,1.9,15,9.1,5.3,10.2,0.0,5
2.6,3.1,3.2,2.2,90,0.6,2.6,10.8,36.4,3
3.3,0.9,0.7,1.7,63,11.5,6.4,24.2,0.0,5
0.5,2.7,0.5,0.3,90,0.9,7.0,17.0,3.5,5
3.4,2.3,2.7,2.7,91,7.0,3.0,7.9,21.3,5
3.7,3.7,1.8,2.6,92,10.8,7.6,18.3,2.0,5
1.9,1.5,3.2,1.1,43,0.1,2.1,8.3,0.0,5
2.4,0.3,0.5,1.1,73,6.0,5.4,3.1,31.4,5
3.1,0.1,2.3,2.9,89,4.2,8.0,11.9,7.6,5
0.7,3.3,0.8,0.3,71,7.0,5.4,18.8,8.6,5
2.0,2.1,0.5,3.1,85,2.7,9.1,9.4,28.5,3
1.6,3.1,2.4,0.9,99,0.8,0.6,21.7,17.8,5
0.6,0.9,2.1,2.1,56,7.5,5.9,9.7,0.0,5
1.5,1.4,2.6,3.3,93,5.0,5.6,8.7,27.3,4
0.3,0.1,1.1,2.4,77,7.5,6.6,25.0,21.7,3
0.1,3.8,1.6,1.5,12,2.5,8.3,12.1,0.0,5
0.5,2.7,1.4,2.4,90,4.1,7.3,20.1,19.5,4
3.9,3.7,3.4,1.2,86,6.7,7.9,20.1,20.0,3
2.2,1.1,1.0,1.0,72,7.1,2.9,23.2,33.3,2
3.9,2.4,1.0,3.5,28,4.5,3.9,2.1,0.0,5
1.7,2.7,1.2,2.6,70,3.4,6.3,6.8,31.3,4
1.2,1.3,2.0,2.3,58,3.3,5.5,19.2,0.0,5
2.0,3.4,0.9,1.2,72,2.1,9.6,14.1,18.6,4
1.8,3.8,3.2,0.2,77,3.9,1.9,14.0,24.0,5
0.4,3.5,0.9,0.1,73,2.4,3.5,4.2,9.9,5
2.6,3.0,3.1,1.9,78,7.6,5.7,7.0,34.0,3
0.9,1.1,0.4,2.7,86,6.8,8.7,13.0,11.1,5
2.5,1.1,2.3,1.9,93,4.6,9.3,6.9,0.1,5
2.6,3.9,3.2,2.9,94,3.9,3.4,5.3,46.7,2
0.6,0.0,0.6,0.1,74,2.9,0.7,2.2,15.3,5
0.2,2.9,3.4,1.3,83,6.4,4.2,3.9,9.8,5
3.1,2.8,1.6,0.8,89,11.0,3.9,19.2,13.4,5
1.8,2.5,3.3,1.6,80,8.2,9.9,18.0,16.5,4
0.2,4.0,2.4,0.3,73,8.9,4.3,1.1,23.7,5
4.0,1.2,1.1,3.3,73,10.0,3.1,5.1,3.5,5
0.2,1.4,0.7,0.8,19,4.2,3.7,14.0,0.0,5
2.8,0.3,1.1,3.2,84,0.8,4.0,8.1,14.6,5
3.9,1.8,0.3,1.5,96,7.5,8.2,20.6,14.8,4
1.0,1.0,0.5,3.4,72,2.3,0.8,19.6,5.9,5
0.6,1.4,0.4,1.9,87,6.8,3.2,22.3,20.2,4
0.5,3.3,1.5,3.3,90,8.9,9.7,14.1,14.2,5
1.2,3.7,2.8,0.0,86,9.4,1.5,8.8,1.3,5
0.4,0.7,0.5,2.6,41,3.6,7.4,15.2,0.0,5
2.8,1.5,0.5,3.2,97,6.1,3.6,2.2,44.3,3
0.2,3.7,2.3,0.5,100,7.5,5.8,0.2,10.5,5
2.0,0.2,0.7,0.3,73,9.8,1.0,0.4,8.1,5
4.0,0.4,0.3,1.5,47,9.1,3.1,10.2,0.0,5
3.3,0.7,0.6,3.3,36,11.9,5.0,5.7,0.0,5
2.5,2.4,3.2,1.9,78,0.1,2.3,3.9,47.9,3
1.2,0.6,2.9,1.8,89,5.2,5.4,15.4,18.9,5
2.5,3.9,1.2,0.5,85,3.1,2.2,24.9,30.9,2
2.1,1.8,2.3,0.0,83,1.4,6.5,4.4,43.9,3
1.7,2.0,1.9,2.8,99,10.9,9.0,13.7,22.5,4
0.5,1.0,2.4,0.3,74,12.0,0.9,3.0,6.1,5
3.5,1.9,2.4,2.2,94,2.2,2.2,23.4,18.9,4
1.8,2.6,2.2,3.2,97,0.5,8.4,7.3,6.8,5
0.8,3.0,0.9,0.7,9,3.3,6.3,22.0,0.0,5
1.5,3.0,0.1,2.3,99,10.0,0.8,7.1,37.6,4
1.7,2.3,1.6,0.3,91,3.5,4.9,20.2,11.9,5
3.3,3.6,3.1,2.1,3,0.7,2.1,5.2,0.0,5
2.9,3.3,2.0,0.6,91,0.6,2.0,7.3,43.6,3
3.1,3.0,2.9,2.6,90,5.1,9.4,4.8,22.2,5
0.0,0.2,3.5,1.1,80,11.2,7.6,6.6,11.9,5
1.7,0.0,0.6,1.6,32,3.4,7.0,20.9,0.0,5
1.9,0.8,2.4,2.1,98,5.1,2.4,16.0,12.0,5
0.1,2.7,2.4,0.6,73,1.2,1.2,10.1,9.7,5
1.0,1.6,3.4,2.6,27,5.9,8.7,24.3,0.0,5
3.0,1.6,3.4,1.1,90,8.4,0.1,11.6,8.5,5
0.5,3.5,2.4,2.3,88,3.3,3.9,24.2,28.1,2
2.1,3.6,0.9,0.6,84,3.6,2.8,4.9,3.9,5
0.9,3.6,2.8,2.4,97,10.1,5.7,22.6,47.5,0
0.0,1.3,0.4,0.4,96,0.1,2.5,0.3,30.2,5
1.0,2.8,2.7,1.5,46,7.6,3.1,13.6,0.0,5
3.9,1.1,3.2,0.9,96,4.7,8.5,10.6,19.9,5
3.2,0.8,1.3,2.6,88,3.6,6.0,13.1,40.5,2
3.8,0.7,2.2,0.9,45,7.9,1.5,13.8,0.0,5
2.0,1.4,1.5,3.1,97,10.0,7.3,9.7,35.1,3
0.4,1.7,1.5,3.1,92,6.7,2.1,25.0,4.6,5
2.2,3.3,1.1,0.7,73,0.4,4.3,24.4,0.8,5
1.8,0.5,2.7,2.1,78,5.5,6.5,24.0,8.4,5
3.4,2.9,3.3,0.3,21,5.6,2.7,24.5,0.0,5
0.4,2.1,3.3,1.4,72,6.5,3.8,19.8,36.3,2
2.0,1.2,0.6,2.5,88,8.1,7.3,24.7,27.9,2
0.6,2.0,3.1,2.3,97,0.2,9.4,22.3,26.3,2
1.3,1.2,2.6,2.2,74,6.0,5.3,10.4,12.6,5
2.9,2.4,0.9,1.0,81,7.1,0.1,19.6,7.7,5
1.9,1.7,0.2,1.3,70,4.1,3.4,22.8,10.3,5
1.5,0.7,0.9,0.4,78,8.0,4.0,17.8,20.0,5
1.6,0.5,3.2,2.5,96,2.7,3.4,10.6,37.0,3
1.8,2.2,2.2,1.8,45,3.8,4.4,1.6,0.0,5
3.1,3.6,2.5,2.5,74,11.6,6.3,20.2,34.9,2
3.6,1.4,0.9,0.9,82,4.2,1.2,23.8,24.6,3
3.8,2.9,2.5,1.1,71,4.2,2.7,9.1,44.3,2
3.1,2.6,0.1,1.2,95,7.1,5.1,3.8,11.6,5
1.3,3.7,1.3,0.1,91,11.7,3.2,8.2,22.5,5
2.8,3.3,2.2,1.2,25,11.8,9.9,14.6,0.0,5
1.8,2.3,0.5,2.8,76,7.0,4.3,7.9,16.8,5
1.0,2.6,2.9,3.1,76,0.0,8.7,15.3,25.3,3
3.4,3.6,0.8,1.8,84,10.8,9.0,24.2,36.6,2
0.2,1.6,2.3,1.6,94,6.8,8.4,16.8,9.9,5
3.6,1.3,1.4,0.1,83,4.4,0.5,9.1,10.9,5
1.8,0.0,2.1,3.1,56,10.0,9.5,23.4,0.0,5
2.5,3.3,0.4,0.0,87,4.8,1.3,14.1,19.1,5
2.6,3.2,0.1,3.3,84,0.4,0.3,3.2,24.1,5
3.6,0.4,3.2,1.7,97,9.9,4.1,12.5,41.8,2
2.5,2.3,0.9,1.2,77,6.6,1.9,16.3,25.0,4
2.5,1.9,2.9,3.2,80,4.1,1.8,21.0,32.6,2
0.3,0.5,3.5,0.1,84,3.0,2.9,23.4,32.8,3
2.1,3.9,0.7,2.0,78,7.1,2.5,7.9,40.2,3
0.6,0.9,0.9,1.9,80,2.5,6.8,3.9,31.9,5
2.9,0.3,2.3,0.8,98,3.9,1.9,1.8,3.2,5
2.0,2.4,3.4,1.5,76,7.6,5.4,18.5,17.1,4
2.7,3.0,3.2,2.3,83,10.6,9.9,19.9,49.5,0
0.2,0.1,1.8,2.5,96,6.4,4.3,10.2,9.8,5
0.3,2.6,2.8,0.0,75,9.1,6.4,9.9,29.3,4
2.9,2.1,0.5,3.3,63,9.2,9.7,23.9,0.0,5
0.3,0.4,3.4,0.6,0,8.0,1.4,22.9,0.0,5
0.3,0.7,3.4,0.8,61,3.0,4.2,5.8,0.0,5
0.0,2.3,0.6,0.9,86,10.4,8.5,19.5,4.0,5
3.8,1.2,1.0,0.1,75,5.2,9.3,15.6,18.1,5
3.0,3.8,0.4,0.4,86,0.5,6.0,3.9,9.1,5
1.4,3.3,1.0,3.5,78,2.9,1.4,8.9,48.0,2
1.2,3.9,2.9,1.1,13,9.2,9.0,4.4,0.0,5
1.4,1.0,1.3,0.4,41,0.8,1.7,7.4,0.0,5
3.1,3.9,0.3,0.4,96,1.8,3.5,15.4,21.8,5
2.6,1.7,1.2,2.5,71,8.3,3.8,9.4,5.5,5
0.7,1.4,3.4,3.0,79,10.7,4.5,9.9,13.3,5
0.7,0.2,2.2,0.9,41,7.6,7.9,13.5,0.0,5
0.4,0.2,1.5,0.1,27,2.7,8.0,2.2,0.0,5
2.6,2.8,0.6,0.8,99,0.6,7.2,18.5,23.0,3
3.1,1.8,3.5,0.2,98,7.4,0.2,10.0,21.7,5
1.1,0.9,2.9,0.4,74,0.6,5.6,12.0,24.8,5
0.1,2.5,1.0,1.5,77,7.4,7.5,24.4,49.4,0
0.3,1.0,0.2,0.8,90,2.7,4.4,8.6,14.9,5
3.9,2.3,0.2,1.8,98,10.9,9.4,16.2,30.8,2
1.2,1.4,0.4,0.9,73,5.7,8.2,9.8,12.0,5
3.1,3.3,2.0,3.3,84,2.7,6.4,22.4,23.3,3
2.5,3.3,3.3,3.2,40,10.2,0.6,21.2,0.0,5
1.5,1.9,1.7,2.0,80,3.0,6.5,6.0,27.9,5
0.8,1.4,3.0,1.2,17,3.7,9.1,17.3,0.0,5
0.5,1.5,1.6,1.3,74,10.0,3.8,1.6,1.8,5
2.5,3.2,2.5,1.4,24,3.7,8.4,24.1,0.0,5
3.1,1.3,2.6,2.5,98,4.9,3.1,8.7,6.4,5
2.6,0.8,0.6,1.6,87,4.2,5.7,20.8,18.4,4
2.1,0.3,1.3,3.0,81,1.4,6.5,8.0,23.9,5
0.2,1.9,2.2,3.3,71,0.5,6.8,15.8,21.6,4
3.9,1.9,0.2,1.2,93,8.7,8.8,24.6,36.3,2
3.2,3.4,1.3,2.0,93,7.7,2.3,21.9,29.8,3
1.2,0.9,1.9,0.3,86,3.4,2.6,4.0,14.8,5
3.9,1.5,3.5,0.7,44,3.5,7.0,13.7,0.0,5
2.4,3.2,1.7,1.4,83,11.3,1.8,8.7,38.4,3
2.3,3.3,2.9,0.7,80,11.9,4.6,10.9,17.6,5
3.0,1.5,1.5,3.1,75,5.7,0.2,8.4,44.5,3
3.2,1.8,2.8,0.6,85,9.6,1.4,8.4,19.8,5
2.6,1.2,2.1,1.6,88,8.8,6.8,13.6,35.9,3
0.5,3.7,3.1,2.1,71,3.6,7.5,4.8,47.0,2
1.4,0.5,1.4,2.4,80,0.7,1.2,13.4,32.6,4
3.7,3.7,2.1,1.3,75,1.7,2.3,7.0,20.7,5
0.9,2.7,2.2,3.0,60,10.1,1.0,7.2,0.0,5
1.5,2.1,1.5,2.0,71,8.8,4.3,18.5,27.2,3
1.7,0.1,0.5,1.5,87,8.0,1.3,0.7,29.2,5
1.8,1.9,0.3,0.2,30,1.6,4.4,9.5,0.0,5
2.5,1.6,0.1,1.6,96,7.7,7.3,10.2,34.9,3
3.8,0.6,3.1,2.9,91,9.3,6.8,12.1,7.3,5
1.0,2.6,0.8,2.2,72,10.3,2.8,16.7,0.7,5
0.5,3.9,0.7,2.9,79,0.2,6.7,9.2,31.2,3
0.8,2.2,2.6,1.7,71,8.2,9.3,5.3,5.8,5
3.5,2.9,1.1,0.4,57,0.2,3.5,22.1,0.0,5
2.6,0.3,1.8,0.0,90,8.5,3.3,24.5,43.3,2
1.1,1.7,0.6,1.1,78,7.6,5.7,0.5,47.2,3
3.3,0.5,3.4,2.4,82,1.8,2.5,13.7,33.2,3
3.4,2.5,3.0,2.8,100,9.2,6.5,8.5,24.1,4
3.4,3.8,3.0,1.0,97,0.8,8.3,6.9,17.6,5
3.7,2.6,1.4,1.7,75,9.9,4.6,8.4,24.5,5
1.0,0.3,2.7,1.5,2,3.1,6.8,16.0,0.0,5
3.0,1.4,0.5,1.4,80,8.3,6.5,4.8,17.4,5
1.8,2.2,0.0,0.8,95,11.1,0.4,22.8,35.9,3
3.4,1.6,0.1,0.5,99,4.1,1.8,11.7,10.9,5
2.9,3.3,2.1,0.7,19,6.0,8.9,8.1,0.0,5
3.1,3.3,1.6,0.2,95,5.6,9.4,19.1,37.5,2
2.6,2.4,1.8,0.7,90,1.9,7.8,0.4,8.9,5
0.7,1.5,0.0,0.0,97,7.1,9.2,10.8,12.3,5
2.2,1.0,1.5,2.2,92,8.9,3.1,8.9,0.9,5
3.9,0.4,2.5,1.1,82,11.0,2.5,8.5,36.0,3
3.7,1.4,1.5,3.4,81,10.2,3.8,8.4,30.9,4
0.2,1.7,2.6,0.7,26,6.1,0.6,0.8,0.0,5
0.7,2.7,0.8,1.2,70,8.6,8.1,3.8,10.7,5
0.5,2.6,2.8,1.3,83,9.6,9.8,3.5,34.4,3
2.9,0.3,2.1,0.0,83,5.9,8.2,24.7,29.8,2
3.3,1.6,0.7,2.9,70,1.4,5.5,0.6,18.3,5
0.9,0.7,0.8,0.1,98,5.3,3.0,4.2,21.9,5
2.0,0.6,2.2,3.3,91,10.1,2.0,24.4,28.4,3
3.4,3.3,2.9,3.1,79,7.2,3.6,15.7,24.7,3
2.9,0.2,1.5,1.9,72,8.7,6.7,11.3,32.1,3
2.2,1.7,0.9,1.9,36,2.2,4.5,2.0,0.0,5
2.4,0.7,3.0,2.3,43,11.6,9.3,16.7,0.0,5
2.0,3.5,2.3,1.4,84,4.8,8.5,3.4,22.5,5
1.2,2.2,1.6,2.3,100,7.8,1.0,16.8,23.1,5
2.3,0.9,1.7,0.2,74,0.2,1.3,24.5,23.5,4
2.8,2.0,0.7,0.2,74,1.5,6.8,13.3,44.1,2
3.5,2.9,2.2,1.6,92,9.4,2.3,5.4,40.9,3
2.5,3.8,1.3,1.9,99,11.6,7.9,15.6,31.5,2
3.0,0.9,3.5,3.1,72,3.8,5.9,12.8,35.8,2
0.6,3.5,1.7,0.4,63,0.4,2.3,13.3,0.0,5
1.8,3.7,1.7,2.9,85,4.3,4.8,12.0,37.2,3
0.0,3.7,2.0,0.7,94,0.2,4.1,16.8,24.3,4
1.0,2.5,3.2,1.4,93,2.3,8.7,14.3,15.9,5
2.9,2.5,2.8,1.1,86,9.0,0.3,24.7,7.0,5
4.0,1.6,1.6,1.4,14,11.2,9.0,20.6,0.0,5
0.4,3.0,2.5,0.5,94,1.0,6.5,6.6,2.2,5
1.6,2.1,2.1,1.8,94,6.7,7.4,18.1,8.1,5
3.2,2.7,1.7,2.8,2,3.0,0.0,5.4,0.0,5
0.8,1.7,0.7,1.5,97,1.7,6.3,19.6,36.6,2
2.2,2.9,1.6,1.7,99,2.6,5.9,3.7,12.4,5
2.9,3.3,0.9,3.0,95,6.9,5.4,11.8,18.4,5
2.5,0.6,3.2,2.5,100,0.8,7.9,19.8,41.1,2
0.8,3.3,1.2,1.7,70,5.2,5.6,7.0,5.7,5
1.4,2.2,3.3,0.9,70,1.6,8.6,20.9,41.8,2
3.1,3.4,1.9,3.1,86,3.3,2.3,16.1,32.0,3
2.2,1.7,2.2,2.0,83,2.3,8.1,9.9,17.1,5
0.0,1.5,1.9,0.8,31,10.6,1.8,10.6,0.0,5
3.0,3.7,0.5,0.9,74,8.5,8.1,23.1,4.6,5
0.1,1.0,1.3,2.8,89,10.4,9.4,5.4,16.8,5
3.0,3.4,0.3,0.2,95,4.6,3.4,17.3,7.0,5
0.8,1.9,2.2,3.5,90,3.8,5.3,17.7,13.4,5
3.8,2.1,1.6,0.5,75,4.6,6.6,23.1,2.6,5
1.5,1.2,2.7,2.8,97,0.2,0.8,17.8,29.8,3
1.3,2.3,0.8,1.4,82,8.7,4.9,14.6,7.3,5
0.6,1.3,0.6,1.7,88,4.2,3.6,22.6,37.8,2
1.2,0.2,1.4,3.1,39,3.8,8.7,20.7,0.0,5
3.5,1.1,3.2,1.4,73,7.2,8.8,17.9,39.9,2
4.0,0.0,2.5,1.9,3,5.2,7.0,0.8,0.0,5
1.5,3.9,1.5,0.2,42,11.8,6.6,9.3,0.0,5
1.8,3.9,1.8,0.0,71,4.3,7.3,15.8,16.7,5
2.9,1.6,0.3,0.9,96,7.4,3.7,13.1,29.2,4
3.5,2.9,3.4,2.4,91,3.7,4.0,8.0,1.9,5
2.4,1.4,2.3,0.4,0,11.9,5.5,3.6,0.0,5
1.6,2.7,1.0,0.4,72,5.3,9.4,13.8,7.4,5
1.7,3.2,2.1,1.4,100,7.6,7.2,7.1,24.3,5
2.8,3.8,0.4,2.3,88,1.5,5.5,5.8,7.1,5
0.0,1.6,3.4,2.5,29,8.8,7.7,10.0,0.0,5
2.5,3.1,0.6,0.6,77,3.2,3.7,19.6,5.5,5
1.4,1.1,2.3,0.3,72,5.4,7.3,12.2,11.0,5
3.2,4.0,0.9,3.3,16,10.6,4.1,5.4,0.0,5
0.4,0.1,2.5,0.9,21,11.6,2.8,2.9,0.0,5
2.4,2.4,2.7,3.0,72,5.1,6.1,12.5,22.5,4
1.9,2.6,2.4,3.0,98,10.0,6.9,19.9,34.4,2
2.6,2.8,2.2,2.7,81,0.6,4.6,16.3,27.0,3
0.3,0.5,3.1,0.6,82,10.2,5.7,5.8,24.9,5
2.3,3.8,0.3,2.9,98,7.6,6.9,10.9,3.2,5
2.2,0.7,1.2,2.7,90,5.9,7.7,21.4,7.2,5
2.2,2.5,0.9,2.1,78,10.7,9.0,4.4,44.2,2
2.4,0.9,3.5,1.2,19,10.1,3.5,13.3,0.0,5
2.7,1.2,1.4,0.9,71,3.6,9.5,8.9,30.7,3
3.2,2.2,2.6,0.4,94,9.5,6.4,3.1,26.4,5
1.1,1.7,2.4,1.8,90,1.2,7.9,1.2,18.9,5
3.3,0.6,0.7,2.0,87,9.9,7.0,13.9,19.4,5
2.0,0.7,0.8,1.3,85,8.1,2.1,0.5,27.8,5
0.3,1.7,1.0,1.7,97,1.1,0.7,2.6,7.1,5
0.2,3.0,1.4,1.3,73,8.2,7.3,8.7,19.4,5
1.3,3.6,0.8,2.2,92,7.0,5.1,1.1,22.3,5
3.1,0.3,0.1,3.2,85,7.1,7.0,10.0,49.3,2
2.8,1.6,3.1,0.6,79,3.5,4.8,3.3,17.6,5
3.2,0.4,3.4,1.3,95,3.2,3.1,8.7,32.2,4
2.1,0.1,1.2,0.5,70,9.2,2.9,19.8,6.9,5
1.8,2.6,1.2,2.2,39,3.1,7.3,15.7,0.0,5
0.6,2.4,0.0,2.6,4,5.4,2.8,11.1,0.0,5
1.3,0.7,2.4,3.3,53,8.3,7.1,2.3,0.0,5
1.7,0.9,2.9,1.0,71,1.0,3.8,15.5,15.9,5
0.4,0.1,0.5,3.3,80,7.1,7.7,4.1,25.2,5
0.9,3.3,0.6,0.2,75,7.1,1.4,1.9,6.8,5
2.4,3.9,2.8,2.1,93,8.2,2.0,16.6,35.4,2
2.9,0.5,2.2,0.2,97,4.4,6.9,22.8,3.5,5
4.0,0.9,0.2,3.1,30,5.4,5.6,11.5,0.0,5
3.7,3.5,2.2,1.9,88,4.0,2.0,1.0,27.3,5
2.6,3.7,1.1,2.3,47,9.7,9.0,22.0,0.0,5
1.7,1.7,1.3,2.9,83,1.6,2.8,1.7,43.1,3
2.5,0.2,2.7,0.5,100,11.6,4.2,21.7,49.3,1
3.1,0.2,2.8,0.1,43,7.6,2.0,9.8,0.0,5
0.5,2.3,1.4,3.1,90,10.6,3.9,9.1,40.3,3
1.6,1.6,3.3,1.1,87,5.1,4.9,13.6,37.5,3
3.4,0.1,1.4,0.5,74,4.0,3.0,23.9,37.4,2
1.5,2.3,2.7,1.6,42,10.8,7.7,22.5,0.0,5
2.3,0.0,1.7,2.1,91,1.2,3.9,11.8,24.3,5
2.4,3.1,3.1,0.1,83,1.4,7.3,17.4,33.7,2
0.7,1.2,3.2,1.0,75,3.6,2.1,14.5,41.2,3
1.4,0.2,0.3,0.1,82,11.5,3.8,17.3,24.0,5
1.3,2.4,3.3,1.5,8,7.6,0.1,20.7,0.0,5
0.1,1.6,2.9,3.1,98,6.7,7.6,0.9,15.9,5
0.1,3.9,2.8,3.4,90,8.5,6.3,8.1,39.0,3
3.3,2.2,0.7,2.2,87,5.0,8.2,24.0,34.3,2
1.1,1.1,2.8,0.6,70,9.1,4.6,23.7,22.6,3
2.1,2.8,3.0,3.2,96,4.7,8.0,0.3,21.0,5
1.2,1.1,1.0,1.8,88,9.9,6.5,5.0,3.6,5
3.8,3.6,3.3,0.5,74,3.2,0.0,24.8,0.3,5
1.0,1.5,0.2,3.2,3,3.3,2.5,12.3,0.0,5
1.7,2.2,0.5,2.7,12,6.3,4.9,14.3,0.0,5
3.5,0.2,1.9,2.6,94,5.2,6.2,4.2,39.8,3
3.4,1.7,2.0,2.5,10,7.8,0.7,22.4,0.0,5
0.7,3.3,2.3,0.7,73,4.4,7.1,5.8,46.8,2
3.2,3.2,0.1,0.7,76,2.8,5.4,4.7,9.8,5
1.8,0.9,3.4,2.4,80,5.6,5.3,5.7,49.5,2
1.9,0.9,0.2,0.8,75,6.7,2.9,23.0,14.9,5
0.5,3.3,0.5,1.5,95,1.7,5.9,17.6,32.1,3
0.3,3.7,0.0,2.7,80,6.7,0.3,19.2,25.1,4
2.9,0.4,2.0,2.7,93,3.8,0.6,9.4,18.0,5
2.0,1.8,3.3,1.6,86,4.7,7.3,22.7,7.0,5
1.7,1.3,2.3,2.8,93,3.4,3.2,19.7,6.7,5
2.9,3.5,2.9,2.9,95,11.2,3.5,18.8,35.6,2
3.1,0.3,0.0,2.3,44,8.2,2.1,24.3,0.0,5
0.6,0.8,1.9,0.8,77,3.1,4.5,9.2,48.1,2
2.4,3.0,1.6,1.0,74,7.7,0.5,15.3,16.3,5
0.5,0.2,1.7,1.1,78,10.2,3.0,22.7,49.2,2
3.0,2.0,0.3,0.4,75,4.8,5.3,19.8,10.3,5
2.6,1.8,2.4,1.0,50,10.0,4.7,14.1,0.0,5
3.8,1.3,1.8,0.7,86,1.9,10.0,1.9,15.6,5
0.3,1.6,2.7,1.6,91,9.9,3.9,16.3,44.3,2
0.2,2.1,1.7,3.2,67,6.5,3.9,13.2,0.0,5
1.1,0.6,0.5,0.4,85,2.7,5.0,4.6,6.8,5
